listing_id,original_file,new_file,original_extension,status,resized,width,height,message
BA_SK_001,data\raw\images\BA_SK_001\BA_SK_001_img_01.jpg,data\raw\images\BA_SK_001\BA_SK_001_img_01.jpg,.jpg,converted,False,990,666,Success
BA_SK_001,data\raw\images\BA_SK_001\BA_SK_001_img_02.jpg,data\raw\images\BA_SK_001\BA_SK_001_img_02.jpg,.jpg,converted,False,1600,1076,Success
BA_SK_001,data\raw\images\BA_SK_001\BA_SK_001_img_03.jpg,data\raw\images\BA_SK_001\BA_SK_001_img_03.jpg,.jpg,converted,False,990,660,Success
BA_SK_001,data\raw\images\BA_SK_001\BA_SK_001_img_04.jpg,data\raw\images\BA_SK_001\BA_SK_001_img_04.jpg,.jpg,converted,False,990,660,Success
BA_SK_001,data\raw\images\BA_SK_001\BA_SK_001_img_05.jpg,data\raw\images\BA_SK_001\BA_SK_001_img_05.jpg,.jpg,converted,False,990,658,Success
BA_SK_001,data\raw\images\BA_SK_001\BA_SK_001_img_06.jpg,data\raw\images\BA_SK_001\BA_SK_001_img_06.jpg,.jpg,converted,False,1600,1200,Success
BA_SK_001,data\raw\images\BA_SK_001\BA_SK_001_img_07.jpg,data\raw\images\BA_SK_001\BA_SK_001_img_07.jpg,.jpg,converted,False,990,657,Success
BA_SK_001,data\raw\images\BA_SK_001\BA_SK_001_img_08.jpg,data\raw\images\BA_SK_001\BA_SK_001_img_08.jpg,.jpg,converted,False,1600,1200,Success
BA_SK_001,data\raw\images\BA_SK_001\BA_SK_001_img_09.jpg,data\raw\images\BA_SK_001\BA_SK_001_img_09.jpg,.jpg,converted,False,990,654,Success
BA_SK_001,data\raw\images\BA_SK_001\BA_SK_001_img_10.jpg,data\raw\images\BA_SK_001\BA_SK_001_img_10.jpg,.jpg,converted,False,990,671,Success
BA_SK_001,data\raw\images\BA_SK_001\BA_SK_001_img_11.jpg,data\raw\images\BA_SK_001\BA_SK_001_img_11.jpg,.jpg,converted,False,1200,1600,Success
BA_SK_001,data\raw\images\BA_SK_001\BA_SK_001_img_12.jpg,data\raw\images\BA_SK_001\BA_SK_001_img_12.jpg,.jpg,converted,False,1600,1200,Success
BA_SK_001,data\raw\images\BA_SK_001\BA_SK_001_img_13.jpg,data\raw\images\BA_SK_001\BA_SK_001_img_13.jpg,.jpg,converted,False,990,665,Success
BA_SK_001,data\raw\images\BA_SK_001\BA_SK_001_img_14.jpg,data\raw\images\BA_SK_001\BA_SK_001_img_14.jpg,.jpg,converted,False,990,681,Success
BA_SK_001,data\raw\images\BA_SK_001\BA_SK_001_img_15.jpg,data\raw\images\BA_SK_001\BA_SK_001_img_15.jpg,.jpg,converted,False,404,555,Success
BA_SK_001,data\raw\images\BA_SK_001\BA_SK_001_img_15.png,data\raw\images\BA_SK_001\BA_SK_001_img_16.jpg,.png,converted,False,404,555,Success
BA_SK_001,data\raw\images\BA_SK_001\BA_SK_001_img_16.jpg,data\raw\images\BA_SK_001\BA_SK_001_img_17.jpg,.jpg,converted,False,404,555,Success
BA_SK_001,data\raw\images\BA_SK_001\BA_SK_001_img_16.png,data\raw\images\BA_SK_001\BA_SK_001_img_18.jpg,.png,converted,False,261,366,Success
BA_SK_001,data\raw\images\BA_SK_001\BA_SK_001_img_17.jpg,data\raw\images\BA_SK_001\BA_SK_001_img_19.jpg,.jpg,converted,False,404,555,Success
BA_SK_001,data\raw\images\BA_SK_001\BA_SK_001_img_17.png,data\raw\images\BA_SK_001\BA_SK_001_img_20.jpg,.png,converted,False,271,488,Success
BA_SK_001,data\raw\images\BA_SK_001\BA_SK_001_img_18.jpg,data\raw\images\BA_SK_001\BA_SK_001_img_21.jpg,.jpg,converted,False,261,366,Success
BA_SK_001,data\raw\images\BA_SK_001\BA_SK_001_img_18.png,data\raw\images\BA_SK_001\BA_SK_001_img_22.jpg,.png,converted,False,272,367,Success
BA_SK_001,data\raw\images\BA_SK_001\BA_SK_001_img_19.jpg,data\raw\images\BA_SK_001\BA_SK_001_img_23.jpg,.jpg,converted,False,404,555,Success
BA_SK_001,data\raw\images\BA_SK_001\BA_SK_001_img_19.png,data\raw\images\BA_SK_001\BA_SK_001_img_24.jpg,.png,converted,False,272,367,Success
BA_SK_002,data\raw\images\BA_SK_002\BA_SK_002_img_01.jpg,data\raw\images\BA_SK_002\BA_SK_002_img_01.jpg,.jpg,converted,False,1600,1200,Success
BA_SK_002,data\raw\images\BA_SK_002\BA_SK_002_img_02.jpg,data\raw\images\BA_SK_002\BA_SK_002_img_02.jpg,.jpg,converted,False,1600,1200,Success
BA_SK_002,data\raw\images\BA_SK_002\BA_SK_002_img_03.jpg,data\raw\images\BA_SK_002\BA_SK_002_img_03.jpg,.jpg,converted,False,1600,1200,Success
BA_SK_002,data\raw\images\BA_SK_002\BA_SK_002_img_04.jpg,data\raw\images\BA_SK_002\BA_SK_002_img_04.jpg,.jpg,converted,False,1600,1200,Success
BA_SK_002,data\raw\images\BA_SK_002\BA_SK_002_img_05.jpg,data\raw\images\BA_SK_002\BA_SK_002_img_05.jpg,.jpg,converted,False,1600,1200,Success
BA_SK_002,data\raw\images\BA_SK_002\BA_SK_002_img_06.jpg,data\raw\images\BA_SK_002\BA_SK_002_img_06.jpg,.jpg,converted,False,1600,1127,Success
BA_SK_002,data\raw\images\BA_SK_002\BA_SK_002_img_07.jpg,data\raw\images\BA_SK_002\BA_SK_002_img_07.jpg,.jpg,converted,False,1600,1200,Success
BA_SK_002,data\raw\images\BA_SK_002\BA_SK_002_img_08.jpg,data\raw\images\BA_SK_002\BA_SK_002_img_08.jpg,.jpg,converted,False,1600,1136,Success
BA_SK_002,data\raw\images\BA_SK_002\BA_SK_002_img_09.jpg,data\raw\images\BA_SK_002\BA_SK_002_img_09.jpg,.jpg,converted,False,1600,1200,Success
BA_SK_002,data\raw\images\BA_SK_002\BA_SK_002_img_10.jpg,data\raw\images\BA_SK_002\BA_SK_002_img_10.jpg,.jpg,converted,False,1600,1144,Success
BA_SK_002,data\raw\images\BA_SK_002\BA_SK_002_img_11.jpg,data\raw\images\BA_SK_002\BA_SK_002_img_11.jpg,.jpg,converted,False,1600,1200,Success
BA_SK_002,data\raw\images\BA_SK_002\BA_SK_002_img_12.jpg,data\raw\images\BA_SK_002\BA_SK_002_img_12.jpg,.jpg,converted,False,1600,1097,Success
BA_SK_002,data\raw\images\BA_SK_002\BA_SK_002_img_13.jpg,data\raw\images\BA_SK_002\BA_SK_002_img_13.jpg,.jpg,converted,False,1600,1200,Success
BA_SK_002,data\raw\images\BA_SK_002\BA_SK_002_img_14.jpg,data\raw\images\BA_SK_002\BA_SK_002_img_14.jpg,.jpg,converted,False,1600,1200,Success
BA_SK_002,data\raw\images\BA_SK_002\BA_SK_002_img_15.jpg,data\raw\images\BA_SK_002\BA_SK_002_img_15.jpg,.jpg,converted,False,1600,1200,Success
BA_SK_002,data\raw\images\BA_SK_002\BA_SK_002_img_16.jpg,data\raw\images\BA_SK_002\BA_SK_002_img_16.jpg,.jpg,converted,False,1600,1106,Success
BA_SK_003,data\raw\images\BA_SK_003\BA_SK_003_img_01.jpg,data\raw\images\BA_SK_003\BA_SK_003_img_01.jpg,.jpg,converted,False,671,905,Success
BA_SK_003,data\raw\images\BA_SK_003\BA_SK_003_img_02.jpg,data\raw\images\BA_SK_003\BA_SK_003_img_02.jpg,.jpg,converted,False,673,900,Success
BA_SK_003,data\raw\images\BA_SK_003\BA_SK_003_img_03.jpg,data\raw\images\BA_SK_003\BA_SK_003_img_03.jpg,.jpg,converted,False,672,897,Success
BA_SK_003,data\raw\images\BA_SK_003\BA_SK_003_img_04.jpg,data\raw\images\BA_SK_003\BA_SK_003_img_04.jpg,.jpg,converted,False,671,902,Success
BA_SK_003,data\raw\images\BA_SK_003\BA_SK_003_img_05.jpg,data\raw\images\BA_SK_003\BA_SK_003_img_05.jpg,.jpg,converted,False,672,897,Success
BA_SK_003,data\raw\images\BA_SK_003\BA_SK_003_img_06.jpg,data\raw\images\BA_SK_003\BA_SK_003_img_06.jpg,.jpg,converted,False,667,893,Success
BA_SK_003,data\raw\images\BA_SK_003\BA_SK_003_img_07.jpg,data\raw\images\BA_SK_003\BA_SK_003_img_07.jpg,.jpg,converted,False,667,898,Success
BA_SK_003,data\raw\images\BA_SK_003\BA_SK_003_img_08.jpg,data\raw\images\BA_SK_003\BA_SK_003_img_08.jpg,.jpg,converted,False,667,900,Success
BA_SK_003,data\raw\images\BA_SK_003\BA_SK_003_img_09.jpg,data\raw\images\BA_SK_003\BA_SK_003_img_09.jpg,.jpg,converted,False,1208,903,Success
BA_SK_003,data\raw\images\BA_SK_003\BA_SK_003_img_10.jpg,data\raw\images\BA_SK_003\BA_SK_003_img_10.jpg,.jpg,converted,False,707,876,Success
BA_SK_003,data\raw\images\BA_SK_003\BA_SK_003_img_11.jpg,data\raw\images\BA_SK_003\BA_SK_003_img_11.jpg,.jpg,converted,False,1205,905,Success
BA_SK_003,data\raw\images\BA_SK_003\BA_SK_003_img_12.jpg,data\raw\images\BA_SK_003\BA_SK_003_img_12.jpg,.jpg,converted,False,673,897,Success
BA_SK_004,data\raw\images\BA_SK_004\BA_SK_004_img_01.jpg,data\raw\images\BA_SK_004\BA_SK_004_img_01.jpg,.jpg,converted,False,512,768,Success
BA_SK_004,data\raw\images\BA_SK_004\BA_SK_004_img_02.jpg,data\raw\images\BA_SK_004\BA_SK_004_img_02.jpg,.jpg,converted,False,1024,683,Success
BA_SK_004,data\raw\images\BA_SK_004\BA_SK_004_img_03.jpg,data\raw\images\BA_SK_004\BA_SK_004_img_03.jpg,.jpg,converted,False,889,683,Success
BA_SK_004,data\raw\images\BA_SK_004\BA_SK_004_img_04.jpg,data\raw\images\BA_SK_004\BA_SK_004_img_04.jpg,.jpg,converted,False,1024,683,Success
BA_SK_004,data\raw\images\BA_SK_004\BA_SK_004_img_05.jpg,data\raw\images\BA_SK_004\BA_SK_004_img_05.jpg,.jpg,converted,False,1024,683,Success
BA_SK_004,data\raw\images\BA_SK_004\BA_SK_004_img_06.jpg,data\raw\images\BA_SK_004\BA_SK_004_img_06.jpg,.jpg,converted,False,1024,683,Success
BA_SK_004,data\raw\images\BA_SK_004\BA_SK_004_img_07.jpg,data\raw\images\BA_SK_004\BA_SK_004_img_07.jpg,.jpg,converted,False,512,768,Success
BA_SK_004,data\raw\images\BA_SK_004\BA_SK_004_img_08.jpg,data\raw\images\BA_SK_004\BA_SK_004_img_08.jpg,.jpg,converted,False,512,768,Success
BA_SK_004,data\raw\images\BA_SK_004\BA_SK_004_img_09.jpg,data\raw\images\BA_SK_004\BA_SK_004_img_09.jpg,.jpg,converted,False,1024,683,Success
BA_SK_004,data\raw\images\BA_SK_004\BA_SK_004_img_10.jpg,data\raw\images\BA_SK_004\BA_SK_004_img_10.jpg,.jpg,converted,False,1024,683,Success
BA_SK_004,data\raw\images\BA_SK_004\BA_SK_004_img_11.jpg,data\raw\images\BA_SK_004\BA_SK_004_img_11.jpg,.jpg,converted,False,512,768,Success
BA_SK_005,data\raw\images\BA_SK_005\BA_SK_005_img_01.jpg,data\raw\images\BA_SK_005\BA_SK_005_img_01.jpg,.jpg,converted,False,866,1155,Success
BA_SK_005,data\raw\images\BA_SK_005\BA_SK_005_img_02.jpg,data\raw\images\BA_SK_005\BA_SK_005_img_02.jpg,.jpg,converted,False,861,1153,Success
BA_SK_005,data\raw\images\BA_SK_005\BA_SK_005_img_03.jpg,data\raw\images\BA_SK_005\BA_SK_005_img_03.jpg,.jpg,converted,False,848,1146,Success
BA_SK_005,data\raw\images\BA_SK_005\BA_SK_005_img_04.jpg,data\raw\images\BA_SK_005\BA_SK_005_img_04.jpg,.jpg,converted,False,856,1152,Success
BA_SK_005,data\raw\images\BA_SK_005\BA_SK_005_img_05.jpg,data\raw\images\BA_SK_005\BA_SK_005_img_05.jpg,.jpg,converted,False,861,1148,Success
BA_SK_005,data\raw\images\BA_SK_005\BA_SK_005_img_06.jpg,data\raw\images\BA_SK_005\BA_SK_005_img_06.jpg,.jpg,converted,False,857,1157,Success
BA_SK_005,data\raw\images\BA_SK_005\BA_SK_005_img_07.jpg,data\raw\images\BA_SK_005\BA_SK_005_img_07.jpg,.jpg,converted,False,860,1148,Success
BA_SK_006,data\raw\images\BA_SK_006\BA_SK_006_img_01.jpg,data\raw\images\BA_SK_006\BA_SK_006_img_01.jpg,.jpg,converted,False,1244,720,Success
BA_SK_006,data\raw\images\BA_SK_006\BA_SK_006_img_02.jpg,data\raw\images\BA_SK_006\BA_SK_006_img_02.jpg,.jpg,converted,False,1144,720,Success
BA_SK_006,data\raw\images\BA_SK_006\BA_SK_006_img_03.jpg,data\raw\images\BA_SK_006\BA_SK_006_img_03.jpg,.jpg,converted,False,720,1224,Success
BA_SK_006,data\raw\images\BA_SK_006\BA_SK_006_img_04.jpg,data\raw\images\BA_SK_006\BA_SK_006_img_04.jpg,.jpg,converted,False,720,1280,Success
BA_SK_006,data\raw\images\BA_SK_006\BA_SK_006_img_05.jpg,data\raw\images\BA_SK_006\BA_SK_006_img_05.jpg,.jpg,converted,False,720,1280,Success
BA_SK_006,data\raw\images\BA_SK_006\BA_SK_006_img_06.jpg,data\raw\images\BA_SK_006\BA_SK_006_img_06.jpg,.jpg,converted,False,1202,646,Success
BA_SK_006,data\raw\images\BA_SK_006\BA_SK_006_img_07.jpg,data\raw\images\BA_SK_006\BA_SK_006_img_07.jpg,.jpg,converted,False,1280,720,Success
BA_SK_006,data\raw\images\BA_SK_006\BA_SK_006_img_08.jpg,data\raw\images\BA_SK_006\BA_SK_006_img_08.jpg,.jpg,converted,False,720,1280,Success
BA_SK_006,data\raw\images\BA_SK_006\BA_SK_006_img_09.jpg,data\raw\images\BA_SK_006\BA_SK_006_img_09.jpg,.jpg,converted,False,1016,720,Success
BA_SK_006,data\raw\images\BA_SK_006\BA_SK_006_img_10.jpg,data\raw\images\BA_SK_006\BA_SK_006_img_10.jpg,.jpg,converted,False,1280,720,Success
BA_SK_006,data\raw\images\BA_SK_006\BA_SK_006_img_11.jpg,data\raw\images\BA_SK_006\BA_SK_006_img_11.jpg,.jpg,converted,False,1280,720,Success
BA_SK_006,data\raw\images\BA_SK_006\BA_SK_006_img_12.jpg,data\raw\images\BA_SK_006\BA_SK_006_img_12.jpg,.jpg,converted,False,720,1196,Success
BA_SK_006,data\raw\images\BA_SK_006\BA_SK_006_img_13.jpg,data\raw\images\BA_SK_006\BA_SK_006_img_13.jpg,.jpg,converted,False,720,1188,Success
BA_SK_006,data\raw\images\BA_SK_006\BA_SK_006_img_14.jpg,data\raw\images\BA_SK_006\BA_SK_006_img_14.jpg,.jpg,converted,False,1280,720,Success
BA_SK_006,data\raw\images\BA_SK_006\BA_SK_006_img_15.jpg,data\raw\images\BA_SK_006\BA_SK_006_img_15.jpg,.jpg,converted,False,1280,720,Success
BA_SK_006,data\raw\images\BA_SK_006\BA_SK_006_img_16.jpg,data\raw\images\BA_SK_006\BA_SK_006_img_16.jpg,.jpg,converted,False,1280,720,Success
BA_SK_007,data\raw\images\BA_SK_007\BA_SK_007_img_01.jpg,data\raw\images\BA_SK_007\BA_SK_007_img_01.jpg,.jpg,converted,False,1600,1200,Success
BA_SK_007,data\raw\images\BA_SK_007\BA_SK_007_img_02.jpg,data\raw\images\BA_SK_007\BA_SK_007_img_02.jpg,.jpg,converted,False,1600,1200,Success
BA_SK_007,data\raw\images\BA_SK_007\BA_SK_007_img_03.jpg,data\raw\images\BA_SK_007\BA_SK_007_img_03.jpg,.jpg,converted,False,1600,1200,Success
BA_SK_007,data\raw\images\BA_SK_007\BA_SK_007_img_04.jpg,data\raw\images\BA_SK_007\BA_SK_007_img_04.jpg,.jpg,converted,False,1600,1200,Success
BA_SK_007,data\raw\images\BA_SK_007\BA_SK_007_img_05.jpg,data\raw\images\BA_SK_007\BA_SK_007_img_05.jpg,.jpg,converted,False,1600,1200,Success
BA_SK_007,data\raw\images\BA_SK_007\BA_SK_007_img_06.jpg,data\raw\images\BA_SK_007\BA_SK_007_img_06.jpg,.jpg,converted,False,1600,921,Success
BA_SK_007,data\raw\images\BA_SK_007\BA_SK_007_img_07.jpg,data\raw\images\BA_SK_007\BA_SK_007_img_07.jpg,.jpg,converted,False,1600,1009,Success
BA_SK_007,data\raw\images\BA_SK_007\BA_SK_007_img_08.jpg,data\raw\images\BA_SK_007\BA_SK_007_img_08.jpg,.jpg,converted,False,1600,1200,Success
BA_SK_007,data\raw\images\BA_SK_007\BA_SK_007_img_09.jpg,data\raw\images\BA_SK_007\BA_SK_007_img_09.jpg,.jpg,converted,False,1600,1200,Success
BA_SK_007,data\raw\images\BA_SK_007\BA_SK_007_img_10.jpg,data\raw\images\BA_SK_007\BA_SK_007_img_10.jpg,.jpg,converted,False,1600,1200,Success
BA_SK_007,data\raw\images\BA_SK_007\BA_SK_007_img_11.jpg,data\raw\images\BA_SK_007\BA_SK_007_img_11.jpg,.jpg,converted,False,1600,1200,Success
BA_SK_007,data\raw\images\BA_SK_007\BA_SK_007_img_12.jpg,data\raw\images\BA_SK_007\BA_SK_007_img_12.jpg,.jpg,converted,False,1600,1024,Success
BA_SK_007,data\raw\images\BA_SK_007\BA_SK_007_img_13.jpg,data\raw\images\BA_SK_007\BA_SK_007_img_13.jpg,.jpg,converted,False,1600,1200,Success
BA_SK_007,data\raw\images\BA_SK_007\BA_SK_007_img_14.jpg,data\raw\images\BA_SK_007\BA_SK_007_img_14.jpg,.jpg,converted,False,1600,980,Success
BA_SK_007,data\raw\images\BA_SK_007\BA_SK_007_img_15.jpg,data\raw\images\BA_SK_007\BA_SK_007_img_15.jpg,.jpg,converted,False,1600,1200,Success
BA_SK_007,data\raw\images\BA_SK_007\BA_SK_007_img_16.jpg,data\raw\images\BA_SK_007\BA_SK_007_img_16.jpg,.jpg,converted,False,1600,1200,Success
BA_SK_007,data\raw\images\BA_SK_007\BA_SK_007_img_17.jpg,data\raw\images\BA_SK_007\BA_SK_007_img_17.jpg,.jpg,converted,False,1600,1200,Success
BA_SK_008,data\raw\images\BA_SK_008\BA_SK_008_img_01.jpg,data\raw\images\BA_SK_008\BA_SK_008_img_01.jpg,.jpg,converted,False,1600,900,Success
BA_SK_008,data\raw\images\BA_SK_008\BA_SK_008_img_02.jpg,data\raw\images\BA_SK_008\BA_SK_008_img_02.jpg,.jpg,converted,False,1600,900,Success
BA_SK_008,data\raw\images\BA_SK_008\BA_SK_008_img_03.jpg,data\raw\images\BA_SK_008\BA_SK_008_img_03.jpg,.jpg,converted,False,1600,900,Success
BA_SK_008,data\raw\images\BA_SK_008\BA_SK_008_img_04.jpg,data\raw\images\BA_SK_008\BA_SK_008_img_04.jpg,.jpg,converted,False,1600,900,Success
BA_SK_008,data\raw\images\BA_SK_008\BA_SK_008_img_05.jpg,data\raw\images\BA_SK_008\BA_SK_008_img_05.jpg,.jpg,converted,False,1600,900,Success
BA_SK_008,data\raw\images\BA_SK_008\BA_SK_008_img_06.jpg,data\raw\images\BA_SK_008\BA_SK_008_img_06.jpg,.jpg,converted,False,1600,900,Success
BA_SK_008,data\raw\images\BA_SK_008\BA_SK_008_img_07.jpg,data\raw\images\BA_SK_008\BA_SK_008_img_07.jpg,.jpg,converted,False,1600,900,Success
BA_SK_008,data\raw\images\BA_SK_008\BA_SK_008_img_08.jpg,data\raw\images\BA_SK_008\BA_SK_008_img_08.jpg,.jpg,converted,False,1600,900,Success
BA_SK_008,data\raw\images\BA_SK_008\BA_SK_008_img_09.jpg,data\raw\images\BA_SK_008\BA_SK_008_img_09.jpg,.jpg,converted,False,1600,900,Success
BA_SK_008,data\raw\images\BA_SK_008\BA_SK_008_img_10.jpg,data\raw\images\BA_SK_008\BA_SK_008_img_10.jpg,.jpg,converted,False,1600,900,Success
BA_SK_008,data\raw\images\BA_SK_008\BA_SK_008_img_11.jpg,data\raw\images\BA_SK_008\BA_SK_008_img_11.jpg,.jpg,converted,False,1600,900,Success
BA_SK_008,data\raw\images\BA_SK_008\BA_SK_008_img_12.jpg,data\raw\images\BA_SK_008\BA_SK_008_img_12.jpg,.jpg,converted,False,1600,900,Success
BA_SK_008,data\raw\images\BA_SK_008\BA_SK_008_img_13.jpg,data\raw\images\BA_SK_008\BA_SK_008_img_13.jpg,.jpg,converted,False,1600,900,Success
BA_SK_008,data\raw\images\BA_SK_008\BA_SK_008_img_14.jpg,data\raw\images\BA_SK_008\BA_SK_008_img_14.jpg,.jpg,converted,False,1600,900,Success
BA_SK_008,data\raw\images\BA_SK_008\BA_SK_008_img_15.jpg,data\raw\images\BA_SK_008\BA_SK_008_img_15.jpg,.jpg,converted,False,1600,900,Success
BA_SK_008,data\raw\images\BA_SK_008\BA_SK_008_img_16.jpg,data\raw\images\BA_SK_008\BA_SK_008_img_16.jpg,.jpg,converted,False,1600,900,Success
BA_SK_008,data\raw\images\BA_SK_008\BA_SK_008_img_17.jpg,data\raw\images\BA_SK_008\BA_SK_008_img_17.jpg,.jpg,converted,False,1600,900,Success
BA_SK_008,data\raw\images\BA_SK_008\BA_SK_008_img_18.jpg,data\raw\images\BA_SK_008\BA_SK_008_img_18.jpg,.jpg,converted,False,1600,900,Success
BA_SK_008,data\raw\images\BA_SK_008\BA_SK_008_img_19.jpg,data\raw\images\BA_SK_008\BA_SK_008_img_19.jpg,.jpg,converted,False,1600,900,Success
BA_SK_008,data\raw\images\BA_SK_008\BA_SK_008_img_20.jpg,data\raw\images\BA_SK_008\BA_SK_008_img_20.jpg,.jpg,converted,False,1600,900,Success
BA_SK_008,data\raw\images\BA_SK_008\BA_SK_008_img_21.jpg,data\raw\images\BA_SK_008\BA_SK_008_img_21.jpg,.jpg,converted,False,1600,900,Success
BA_SK_008,data\raw\images\BA_SK_008\BA_SK_008_img_22.jpg,data\raw\images\BA_SK_008\BA_SK_008_img_22.jpg,.jpg,converted,False,1600,900,Success
BA_SK_008,data\raw\images\BA_SK_008\BA_SK_008_img_23.jpg,data\raw\images\BA_SK_008\BA_SK_008_img_23.jpg,.jpg,converted,False,1600,900,Success
BA_SK_009,data\raw\images\BA_SK_009\BA_SK_009_img_01.jpeg,data\raw\images\BA_SK_009\BA_SK_009_img_01.jpg,.jpeg,converted,False,720,960,Success
BA_SK_009,data\raw\images\BA_SK_009\BA_SK_009_img_01.jpg,data\raw\images\BA_SK_009\BA_SK_009_img_02.jpg,.jpg,converted,False,720,960,Success
BA_SK_009,data\raw\images\BA_SK_009\BA_SK_009_img_02.jpeg,data\raw\images\BA_SK_009\BA_SK_009_img_03.jpg,.jpeg,converted,False,720,960,Success
BA_SK_009,data\raw\images\BA_SK_009\BA_SK_009_img_02.jpg,data\raw\images\BA_SK_009\BA_SK_009_img_04.jpg,.jpg,converted,False,720,960,Success
BA_SK_009,data\raw\images\BA_SK_009\BA_SK_009_img_03.jpeg,data\raw\images\BA_SK_009\BA_SK_009_img_05.jpg,.jpeg,converted,False,720,960,Success
BA_SK_009,data\raw\images\BA_SK_009\BA_SK_009_img_03.jpg,data\raw\images\BA_SK_009\BA_SK_009_img_06.jpg,.jpg,converted,False,720,960,Success
BA_SK_009,data\raw\images\BA_SK_009\BA_SK_009_img_04.jpg,data\raw\images\BA_SK_009\BA_SK_009_img_07.jpg,.jpg,converted,False,720,960,Success
BA_SK_009,data\raw\images\BA_SK_009\BA_SK_009_img_05.jpg,data\raw\images\BA_SK_009\BA_SK_009_img_08.jpg,.jpg,converted,False,720,960,Success
BA_SK_009,data\raw\images\BA_SK_009\BA_SK_009_img_06.jpg,data\raw\images\BA_SK_009\BA_SK_009_img_09.jpg,.jpg,converted,False,720,960,Success
BA_SK_009,data\raw\images\BA_SK_009\BA_SK_009_img_07.jpg,data\raw\images\BA_SK_009\BA_SK_009_img_10.jpg,.jpg,converted,False,720,960,Success
BA_SK_009,data\raw\images\BA_SK_009\BA_SK_009_img_08.jpg,data\raw\images\BA_SK_009\BA_SK_009_img_11.jpg,.jpg,converted,False,720,960,Success
BA_SK_009,data\raw\images\BA_SK_009\BA_SK_009_img_09.jpg,data\raw\images\BA_SK_009\BA_SK_009_img_12.jpg,.jpg,converted,False,720,960,Success
BA_SK_009,data\raw\images\BA_SK_009\BA_SK_009_img_10.jpg,data\raw\images\BA_SK_009\BA_SK_009_img_13.jpg,.jpg,converted,False,720,960,Success
BA_SK_009,data\raw\images\BA_SK_009\BA_SK_009_img_11.jpg,data\raw\images\BA_SK_009\BA_SK_009_img_14.jpg,.jpg,converted,False,720,960,Success
BA_SK_009,data\raw\images\BA_SK_009\BA_SK_009_img_12.jpg,data\raw\images\BA_SK_009\BA_SK_009_img_15.jpg,.jpg,converted,False,720,960,Success
BA_SK_009,data\raw\images\BA_SK_009\BA_SK_009_img_13.jpg,data\raw\images\BA_SK_009\BA_SK_009_img_16.jpg,.jpg,converted,False,720,960,Success
BA_SK_009,data\raw\images\BA_SK_009\BA_SK_009_img_14.jpg,data\raw\images\BA_SK_009\BA_SK_009_img_17.jpg,.jpg,converted,False,720,960,Success
BA_SK_009,data\raw\images\BA_SK_009\BA_SK_009_img_15.jpg,data\raw\images\BA_SK_009\BA_SK_009_img_18.jpg,.jpg,converted,False,720,960,Success
BA_SK_010,data\raw\images\BA_SK_010\BA_SK_010_img_01.jpg,data\raw\images\BA_SK_010\BA_SK_010_img_01.jpg,.jpg,converted,False,1600,900,Success
BA_SK_010,data\raw\images\BA_SK_010\BA_SK_010_img_02.jpg,data\raw\images\BA_SK_010\BA_SK_010_img_02.jpg,.jpg,converted,False,1600,900,Success
BA_SK_010,data\raw\images\BA_SK_010\BA_SK_010_img_03.jpg,data\raw\images\BA_SK_010\BA_SK_010_img_03.jpg,.jpg,converted,False,1600,1084,Success
BA_SK_010,data\raw\images\BA_SK_010\BA_SK_010_img_04.jpg,data\raw\images\BA_SK_010\BA_SK_010_img_04.jpg,.jpg,converted,False,1600,900,Success
BA_SK_010,data\raw\images\BA_SK_010\BA_SK_010_img_05.jpg,data\raw\images\BA_SK_010\BA_SK_010_img_05.jpg,.jpg,converted,False,1600,900,Success
BA_SK_010,data\raw\images\BA_SK_010\BA_SK_010_img_06.jpg,data\raw\images\BA_SK_010\BA_SK_010_img_06.jpg,.jpg,converted,False,1600,1068,Success
BA_SK_010,data\raw\images\BA_SK_010\BA_SK_010_img_07.jpg,data\raw\images\BA_SK_010\BA_SK_010_img_07.jpg,.jpg,converted,False,1600,913,Success
BA_SK_010,data\raw\images\BA_SK_010\BA_SK_010_img_08.jpg,data\raw\images\BA_SK_010\BA_SK_010_img_08.jpg,.jpg,converted,False,1600,900,Success
BA_SK_010,data\raw\images\BA_SK_010\BA_SK_010_img_09.jpg,data\raw\images\BA_SK_010\BA_SK_010_img_09.jpg,.jpg,converted,False,1600,1024,Success
BA_SK_010,data\raw\images\BA_SK_010\BA_SK_010_img_10.jpg,data\raw\images\BA_SK_010\BA_SK_010_img_10.jpg,.jpg,converted,False,1600,900,Success
BA_SK_010,data\raw\images\BA_SK_010\BA_SK_010_img_11.jpg,data\raw\images\BA_SK_010\BA_SK_010_img_11.jpg,.jpg,converted,False,1600,900,Success
BA_SK_010,data\raw\images\BA_SK_010\BA_SK_010_img_12.jpg,data\raw\images\BA_SK_010\BA_SK_010_img_12.jpg,.jpg,converted,False,1600,840,Success
BA_SK_010,data\raw\images\BA_SK_010\BA_SK_010_img_13.jpg,data\raw\images\BA_SK_010\BA_SK_010_img_13.jpg,.jpg,converted,False,1600,900,Success
BA_SK_010,data\raw\images\BA_SK_010\BA_SK_010_img_14.jpg,data\raw\images\BA_SK_010\BA_SK_010_img_14.jpg,.jpg,converted,False,1600,900,Success
BA_SK_010,data\raw\images\BA_SK_010\BA_SK_010_img_15.jpg,data\raw\images\BA_SK_010\BA_SK_010_img_15.jpg,.jpg,converted,False,1600,900,Success
BA_SK_011,data\raw\images\BA_SK_011\BA_SK_011_img_01.jpg,data\raw\images\BA_SK_011\BA_SK_011_img_01.jpg,.jpg,converted,False,1245,722,Success
BA_SK_011,data\raw\images\BA_SK_011\BA_SK_011_img_01.png,data\raw\images\BA_SK_011\BA_SK_011_img_02.jpg,.png,converted,False,1245,722,Success
BA_SK_011,data\raw\images\BA_SK_011\BA_SK_011_img_02.jpg,data\raw\images\BA_SK_011\BA_SK_011_img_03.jpg,.jpg,converted,False,1245,722,Success
BA_SK_011,data\raw\images\BA_SK_011\BA_SK_011_img_02.png,data\raw\images\BA_SK_011\BA_SK_011_img_04.jpg,.png,converted,False,1242,722,Success
BA_SK_011,data\raw\images\BA_SK_011\BA_SK_011_img_03.jpg,data\raw\images\BA_SK_011\BA_SK_011_img_05.jpg,.jpg,converted,False,1245,722,Success
BA_SK_011,data\raw\images\BA_SK_011\BA_SK_011_img_03.png,data\raw\images\BA_SK_011\BA_SK_011_img_06.jpg,.png,converted,False,1242,727,Success
BA_SK_011,data\raw\images\BA_SK_011\BA_SK_011_img_04.jpg,data\raw\images\BA_SK_011\BA_SK_011_img_07.jpg,.jpg,converted,False,1242,722,Success
BA_SK_011,data\raw\images\BA_SK_011\BA_SK_011_img_04.png,data\raw\images\BA_SK_011\BA_SK_011_img_08.jpg,.png,converted,False,1267,741,Success
BA_SK_011,data\raw\images\BA_SK_011\BA_SK_011_img_05.jpg,data\raw\images\BA_SK_011\BA_SK_011_img_09.jpg,.jpg,converted,False,1245,722,Success
BA_SK_011,data\raw\images\BA_SK_011\BA_SK_011_img_05.png,data\raw\images\BA_SK_011\BA_SK_011_img_10.jpg,.png,converted,False,1265,731,Success
BA_SK_011,data\raw\images\BA_SK_011\BA_SK_011_img_06.jpg,data\raw\images\BA_SK_011\BA_SK_011_img_11.jpg,.jpg,converted,False,1242,727,Success
BA_SK_011,data\raw\images\BA_SK_011\BA_SK_011_img_06.png,data\raw\images\BA_SK_011\BA_SK_011_img_12.jpg,.png,converted,False,1272,742,Success
BA_SK_011,data\raw\images\BA_SK_011\BA_SK_011_img_07.jpg,data\raw\images\BA_SK_011\BA_SK_011_img_13.jpg,.jpg,converted,False,1242,722,Success
BA_SK_011,data\raw\images\BA_SK_011\BA_SK_011_img_07.png,data\raw\images\BA_SK_011\BA_SK_011_img_14.jpg,.png,converted,False,1251,727,Success
BA_SK_011,data\raw\images\BA_SK_011\BA_SK_011_img_08.jpg,data\raw\images\BA_SK_011\BA_SK_011_img_15.jpg,.jpg,converted,False,1267,741,Success
BA_SK_011,data\raw\images\BA_SK_011\BA_SK_011_img_08.png,data\raw\images\BA_SK_011\BA_SK_011_img_16.jpg,.png,converted,False,1273,733,Success
BA_SK_011,data\raw\images\BA_SK_011\BA_SK_011_img_09.jpg,data\raw\images\BA_SK_011\BA_SK_011_img_17.jpg,.jpg,converted,False,1245,722,Success
BA_SK_011,data\raw\images\BA_SK_011\BA_SK_011_img_09.png,data\raw\images\BA_SK_011\BA_SK_011_img_18.jpg,.png,converted,False,1278,748,Success
BA_SK_011,data\raw\images\BA_SK_011\BA_SK_011_img_10.jpg,data\raw\images\BA_SK_011\BA_SK_011_img_19.jpg,.jpg,converted,False,1265,731,Success
BA_SK_011,data\raw\images\BA_SK_011\BA_SK_011_img_10.png,data\raw\images\BA_SK_011\BA_SK_011_img_20.jpg,.png,converted,False,1266,735,Success
BA_SK_011,data\raw\images\BA_SK_011\BA_SK_011_img_11.jpg,data\raw\images\BA_SK_011\BA_SK_011_img_21.jpg,.jpg,converted,False,1242,727,Success
BA_SK_011,data\raw\images\BA_SK_011\BA_SK_011_img_11.png,data\raw\images\BA_SK_011\BA_SK_011_img_22.jpg,.png,converted,False,1255,711,Success
BA_SK_011,data\raw\images\BA_SK_011\BA_SK_011_img_12.jpg,data\raw\images\BA_SK_011\BA_SK_011_img_23.jpg,.jpg,converted,False,1272,742,Success
BA_SK_011,data\raw\images\BA_SK_011\BA_SK_011_img_12.png,data\raw\images\BA_SK_011\BA_SK_011_img_24.jpg,.png,converted,False,1248,737,Success
BA_SK_011,data\raw\images\BA_SK_011\BA_SK_011_img_13.jpg,data\raw\images\BA_SK_011\BA_SK_011_img_25.jpg,.jpg,converted,False,1242,722,Success
BA_SK_011,data\raw\images\BA_SK_011\BA_SK_011_img_13.png,data\raw\images\BA_SK_011\BA_SK_011_img_26.jpg,.png,converted,False,1273,747,Success
BA_SK_012,data\raw\images\BA_SK_012\BA_SK_012_img_01.jpg,data\raw\images\BA_SK_012\BA_SK_012_img_01.jpg,.jpg,converted,False,1200,901,Success
BA_SK_012,data\raw\images\BA_SK_012\BA_SK_012_img_02.jpg,data\raw\images\BA_SK_012\BA_SK_012_img_02.jpg,.jpg,converted,False,1200,892,Success
BA_SK_012,data\raw\images\BA_SK_012\BA_SK_012_img_03.jpg,data\raw\images\BA_SK_012\BA_SK_012_img_03.jpg,.jpg,converted,False,994,1200,Success
BA_SK_012,data\raw\images\BA_SK_012\BA_SK_012_img_04.jpg,data\raw\images\BA_SK_012\BA_SK_012_img_04.jpg,.jpg,converted,False,1045,1200,Success
BA_SK_012,data\raw\images\BA_SK_012\BA_SK_012_img_05.jpg,data\raw\images\BA_SK_012\BA_SK_012_img_05.jpg,.jpg,converted,False,1147,1200,Success
BA_SK_012,data\raw\images\BA_SK_012\BA_SK_012_img_06.jpg,data\raw\images\BA_SK_012\BA_SK_012_img_06.jpg,.jpg,converted,False,1191,1200,Success
BA_SK_012,data\raw\images\BA_SK_012\BA_SK_012_img_07.jpg,data\raw\images\BA_SK_012\BA_SK_012_img_07.jpg,.jpg,converted,False,1169,1200,Success
BA_SK_012,data\raw\images\BA_SK_012\BA_SK_012_img_08.jpg,data\raw\images\BA_SK_012\BA_SK_012_img_08.jpg,.jpg,converted,False,1200,1004,Success
BA_SK_013,data\raw\images\BA_SK_013\BA_SK_013_img_01.jpg,data\raw\images\BA_SK_013\BA_SK_013_img_01.jpg,.jpg,converted,False,1600,1200,Success
BA_SK_013,data\raw\images\BA_SK_013\BA_SK_013_img_02.jpg,data\raw\images\BA_SK_013\BA_SK_013_img_02.jpg,.jpg,converted,False,1600,1200,Success
BA_SK_013,data\raw\images\BA_SK_013\BA_SK_013_img_03.jpg,data\raw\images\BA_SK_013\BA_SK_013_img_03.jpg,.jpg,converted,False,1600,1200,Success
BA_SK_013,data\raw\images\BA_SK_013\BA_SK_013_img_04.jpg,data\raw\images\BA_SK_013\BA_SK_013_img_04.jpg,.jpg,converted,False,1600,1200,Success
BA_SK_013,data\raw\images\BA_SK_013\BA_SK_013_img_05.jpg,data\raw\images\BA_SK_013\BA_SK_013_img_05.jpg,.jpg,converted,False,1600,1200,Success
BA_SK_013,data\raw\images\BA_SK_013\BA_SK_013_img_06.jpg,data\raw\images\BA_SK_013\BA_SK_013_img_06.jpg,.jpg,converted,False,1600,1200,Success
BA_SK_013,data\raw\images\BA_SK_013\BA_SK_013_img_07.jpg,data\raw\images\BA_SK_013\BA_SK_013_img_07.jpg,.jpg,converted,False,1600,1200,Success
BA_SK_013,data\raw\images\BA_SK_013\BA_SK_013_img_08.jpg,data\raw\images\BA_SK_013\BA_SK_013_img_08.jpg,.jpg,converted,False,1600,1200,Success
BA_SK_013,data\raw\images\BA_SK_013\BA_SK_013_img_09.jpg,data\raw\images\BA_SK_013\BA_SK_013_img_09.jpg,.jpg,converted,False,1600,1200,Success
BA_SK_013,data\raw\images\BA_SK_013\BA_SK_013_img_10.jpg,data\raw\images\BA_SK_013\BA_SK_013_img_10.jpg,.jpg,converted,False,1600,1200,Success
BA_SK_013,data\raw\images\BA_SK_013\BA_SK_013_img_11.jpg,data\raw\images\BA_SK_013\BA_SK_013_img_11.jpg,.jpg,converted,False,1600,1200,Success
BA_SK_013,data\raw\images\BA_SK_013\BA_SK_013_img_12.jpg,data\raw\images\BA_SK_013\BA_SK_013_img_12.jpg,.jpg,converted,False,1600,1200,Success
BA_SK_013,data\raw\images\BA_SK_013\BA_SK_013_img_13.jpg,data\raw\images\BA_SK_013\BA_SK_013_img_13.jpg,.jpg,converted,False,1600,1200,Success
BA_SK_013,data\raw\images\BA_SK_013\BA_SK_013_img_14.jpg,data\raw\images\BA_SK_013\BA_SK_013_img_14.jpg,.jpg,converted,False,1600,1510,Success
BA_SK_014,data\raw\images\BA_SK_014\BA_SK_014_img_01.jpg,data\raw\images\BA_SK_014\BA_SK_014_img_01.jpg,.jpg,converted,False,1600,900,Success
BA_SK_014,data\raw\images\BA_SK_014\BA_SK_014_img_02.jpg,data\raw\images\BA_SK_014\BA_SK_014_img_02.jpg,.jpg,converted,False,1600,900,Success
BA_SK_014,data\raw\images\BA_SK_014\BA_SK_014_img_03.jpg,data\raw\images\BA_SK_014\BA_SK_014_img_03.jpg,.jpg,converted,False,1600,900,Success
BA_SK_014,data\raw\images\BA_SK_014\BA_SK_014_img_04.jpg,data\raw\images\BA_SK_014\BA_SK_014_img_04.jpg,.jpg,converted,False,1600,900,Success
BA_SK_014,data\raw\images\BA_SK_014\BA_SK_014_img_05.jpg,data\raw\images\BA_SK_014\BA_SK_014_img_05.jpg,.jpg,converted,False,1600,900,Success
BA_SK_014,data\raw\images\BA_SK_014\BA_SK_014_img_06.jpg,data\raw\images\BA_SK_014\BA_SK_014_img_06.jpg,.jpg,converted,False,1600,900,Success
BA_SK_014,data\raw\images\BA_SK_014\BA_SK_014_img_07.jpg,data\raw\images\BA_SK_014\BA_SK_014_img_07.jpg,.jpg,converted,False,1600,900,Success
BA_SK_014,data\raw\images\BA_SK_014\BA_SK_014_img_08.jpg,data\raw\images\BA_SK_014\BA_SK_014_img_08.jpg,.jpg,converted,False,1600,900,Success
BA_SK_014,data\raw\images\BA_SK_014\BA_SK_014_img_09.jpg,data\raw\images\BA_SK_014\BA_SK_014_img_09.jpg,.jpg,converted,False,1600,900,Success
BA_SK_014,data\raw\images\BA_SK_014\BA_SK_014_img_10.jpg,data\raw\images\BA_SK_014\BA_SK_014_img_10.jpg,.jpg,converted,False,1600,900,Success
BA_SK_014,data\raw\images\BA_SK_014\BA_SK_014_img_11.jpg,data\raw\images\BA_SK_014\BA_SK_014_img_11.jpg,.jpg,converted,False,1600,900,Success
BA_SK_014,data\raw\images\BA_SK_014\BA_SK_014_img_12.jpg,data\raw\images\BA_SK_014\BA_SK_014_img_12.jpg,.jpg,converted,False,1600,900,Success
BA_SK_014,data\raw\images\BA_SK_014\BA_SK_014_img_13.jpg,data\raw\images\BA_SK_014\BA_SK_014_img_13.jpg,.jpg,converted,False,1600,900,Success
BA_SK_014,data\raw\images\BA_SK_014\BA_SK_014_img_14.jpg,data\raw\images\BA_SK_014\BA_SK_014_img_14.jpg,.jpg,converted,False,1600,900,Success
BA_SK_014,data\raw\images\BA_SK_014\BA_SK_014_img_15.jpg,data\raw\images\BA_SK_014\BA_SK_014_img_15.jpg,.jpg,converted,False,1600,900,Success
BA_SK_014,data\raw\images\BA_SK_014\BA_SK_014_img_16.jpg,data\raw\images\BA_SK_014\BA_SK_014_img_16.jpg,.jpg,converted,False,1600,900,Success
BA_SK_015,data\raw\images\BA_SK_015\BA_SK_015_img_01.jpg,data\raw\images\BA_SK_015\BA_SK_015_img_01.jpg,.jpg,converted,False,1024,768,Success
BA_SK_015,data\raw\images\BA_SK_015\BA_SK_015_img_02.jpg,data\raw\images\BA_SK_015\BA_SK_015_img_02.jpg,.jpg,converted,False,768,1024,Success
BA_SK_015,data\raw\images\BA_SK_015\BA_SK_015_img_03.jpg,data\raw\images\BA_SK_015\BA_SK_015_img_03.jpg,.jpg,converted,False,1600,1200,Success
BA_SK_015,data\raw\images\BA_SK_015\BA_SK_015_img_04.jpg,data\raw\images\BA_SK_015\BA_SK_015_img_04.jpg,.jpg,converted,False,1600,1200,Success
BA_SK_015,data\raw\images\BA_SK_015\BA_SK_015_img_05.jpg,data\raw\images\BA_SK_015\BA_SK_015_img_05.jpg,.jpg,converted,False,1600,1200,Success
BA_SK_015,data\raw\images\BA_SK_015\BA_SK_015_img_06.jpg,data\raw\images\BA_SK_015\BA_SK_015_img_06.jpg,.jpg,converted,False,1024,768,Success
BA_SK_015,data\raw\images\BA_SK_015\BA_SK_015_img_07.jpg,data\raw\images\BA_SK_015\BA_SK_015_img_07.jpg,.jpg,converted,False,1024,768,Success
BA_SK_015,data\raw\images\BA_SK_015\BA_SK_015_img_08.jpg,data\raw\images\BA_SK_015\BA_SK_015_img_08.jpg,.jpg,converted,False,1024,768,Success
BA_SK_015,data\raw\images\BA_SK_015\BA_SK_015_img_09.jpg,data\raw\images\BA_SK_015\BA_SK_015_img_09.jpg,.jpg,converted,False,1200,1600,Success
BA_SK_015,data\raw\images\BA_SK_015\BA_SK_015_img_10.jpg,data\raw\images\BA_SK_015\BA_SK_015_img_10.jpg,.jpg,converted,False,1024,768,Success
BA_SK_015,data\raw\images\BA_SK_015\BA_SK_015_img_11.jpg,data\raw\images\BA_SK_015\BA_SK_015_img_11.jpg,.jpg,converted,False,1024,768,Success
BA_SK_015,data\raw\images\BA_SK_015\BA_SK_015_img_12.jpg,data\raw\images\BA_SK_015\BA_SK_015_img_12.jpg,.jpg,converted,False,1024,768,Success
BA_SK_015,data\raw\images\BA_SK_015\BA_SK_015_img_13.jpg,data\raw\images\BA_SK_015\BA_SK_015_img_13.jpg,.jpg,converted,False,1024,768,Success
BA_SK_015,data\raw\images\BA_SK_015\BA_SK_015_img_14.jpg,data\raw\images\BA_SK_015\BA_SK_015_img_14.jpg,.jpg,converted,False,1024,768,Success
BA_SK_015,data\raw\images\BA_SK_015\BA_SK_015_img_15.jpg,data\raw\images\BA_SK_015\BA_SK_015_img_15.jpg,.jpg,converted,False,1024,768,Success
BA_SK_015,data\raw\images\BA_SK_015\BA_SK_015_img_16.jpg,data\raw\images\BA_SK_015\BA_SK_015_img_16.jpg,.jpg,converted,False,1024,768,Success
BA_SK_015,data\raw\images\BA_SK_015\BA_SK_015_img_17.jpg,data\raw\images\BA_SK_015\BA_SK_015_img_17.jpg,.jpg,converted,False,1024,768,Success
BA_SK_015,data\raw\images\BA_SK_015\BA_SK_015_img_18.jpg,data\raw\images\BA_SK_015\BA_SK_015_img_18.jpg,.jpg,converted,False,1024,768,Success
BA_SK_015,data\raw\images\BA_SK_015\BA_SK_015_img_19.jpg,data\raw\images\BA_SK_015\BA_SK_015_img_19.jpg,.jpg,converted,False,1024,768,Success
BA_SK_016,data\raw\images\BA_SK_016\BA_SK_016_img_01.jpg,data\raw\images\BA_SK_016\BA_SK_016_img_01.jpg,.jpg,converted,False,960,720,Success
BA_SK_016,data\raw\images\BA_SK_016\BA_SK_016_img_02.jpg,data\raw\images\BA_SK_016\BA_SK_016_img_02.jpg,.jpg,converted,False,960,720,Success
BA_SK_016,data\raw\images\BA_SK_016\BA_SK_016_img_03.jpg,data\raw\images\BA_SK_016\BA_SK_016_img_03.jpg,.jpg,converted,False,960,720,Success
BA_SK_016,data\raw\images\BA_SK_016\BA_SK_016_img_04.jpg,data\raw\images\BA_SK_016\BA_SK_016_img_04.jpg,.jpg,converted,False,960,640,Success
BA_SK_016,data\raw\images\BA_SK_016\BA_SK_016_img_05.jpg,data\raw\images\BA_SK_016\BA_SK_016_img_05.jpg,.jpg,converted,False,960,640,Success
BA_SK_016,data\raw\images\BA_SK_016\BA_SK_016_img_06.jpg,data\raw\images\BA_SK_016\BA_SK_016_img_06.jpg,.jpg,converted,False,720,960,Success
BA_SK_016,data\raw\images\BA_SK_016\BA_SK_016_img_07.jpg,data\raw\images\BA_SK_016\BA_SK_016_img_07.jpg,.jpg,converted,False,640,960,Success
BA_SK_017,data\raw\images\BA_SK_017\BA_SK_017_img_01.jpg,data\raw\images\BA_SK_017\BA_SK_017_img_01.jpg,.jpg,converted,False,720,960,Success
BA_SK_017,data\raw\images\BA_SK_017\BA_SK_017_img_02.jpg,data\raw\images\BA_SK_017\BA_SK_017_img_02.jpg,.jpg,converted,False,960,720,Success
BA_SK_017,data\raw\images\BA_SK_017\BA_SK_017_img_03.jpg,data\raw\images\BA_SK_017\BA_SK_017_img_03.jpg,.jpg,converted,False,720,960,Success
BA_SK_017,data\raw\images\BA_SK_017\BA_SK_017_img_04.jpg,data\raw\images\BA_SK_017\BA_SK_017_img_04.jpg,.jpg,converted,False,720,960,Success
BA_SK_017,data\raw\images\BA_SK_017\BA_SK_017_img_05.jpg,data\raw\images\BA_SK_017\BA_SK_017_img_05.jpg,.jpg,converted,False,721,960,Success
BA_SK_017,data\raw\images\BA_SK_017\BA_SK_017_img_06.jpg,data\raw\images\BA_SK_017\BA_SK_017_img_06.jpg,.jpg,converted,False,720,960,Success
BA_SK_017,data\raw\images\BA_SK_017\BA_SK_017_img_07.jpg,data\raw\images\BA_SK_017\BA_SK_017_img_07.jpg,.jpg,converted,False,720,960,Success
BA_SK_017,data\raw\images\BA_SK_017\BA_SK_017_img_08.jpg,data\raw\images\BA_SK_017\BA_SK_017_img_08.jpg,.jpg,converted,False,695,960,Success
BA_SK_017,data\raw\images\BA_SK_017\BA_SK_017_img_09.jpg,data\raw\images\BA_SK_017\BA_SK_017_img_09.jpg,.jpg,converted,False,720,960,Success
BA_SK_017,data\raw\images\BA_SK_017\BA_SK_017_img_10.jpg,data\raw\images\BA_SK_017\BA_SK_017_img_10.jpg,.jpg,converted,False,960,738,Success
BA_SK_017,data\raw\images\BA_SK_017\BA_SK_017_img_11.jpg,data\raw\images\BA_SK_017\BA_SK_017_img_11.jpg,.jpg,converted,False,960,640,Success
BA_SK_018,data\raw\images\BA_SK_018\BA_SK_018_img_01.jpg,data\raw\images\BA_SK_018\BA_SK_018_img_01.jpg,.jpg,converted,False,720,960,Success
BA_SK_018,data\raw\images\BA_SK_018\BA_SK_018_img_02.jpg,data\raw\images\BA_SK_018\BA_SK_018_img_02.jpg,.jpg,converted,False,720,960,Success
BA_SK_018,data\raw\images\BA_SK_018\BA_SK_018_img_03.jpg,data\raw\images\BA_SK_018\BA_SK_018_img_03.jpg,.jpg,converted,False,960,720,Success
BA_SK_018,data\raw\images\BA_SK_018\BA_SK_018_img_04.jpg,data\raw\images\BA_SK_018\BA_SK_018_img_04.jpg,.jpg,converted,False,720,960,Success
BA_SK_018,data\raw\images\BA_SK_018\BA_SK_018_img_05.jpg,data\raw\images\BA_SK_018\BA_SK_018_img_05.jpg,.jpg,converted,False,720,960,Success
BA_SK_018,data\raw\images\BA_SK_018\BA_SK_018_img_06.jpg,data\raw\images\BA_SK_018\BA_SK_018_img_06.jpg,.jpg,converted,False,432,960,Success
BA_SK_018,data\raw\images\BA_SK_018\BA_SK_018_img_07.jpg,data\raw\images\BA_SK_018\BA_SK_018_img_07.jpg,.jpg,converted,False,432,960,Success
BA_SK_019,data\raw\images\BA_SK_019\BA_SK_019_img_01.jpg,data\raw\images\BA_SK_019\BA_SK_019_img_01.jpg,.jpg,converted,False,960,549,Success
BA_SK_019,data\raw\images\BA_SK_019\BA_SK_019_img_02.jpg,data\raw\images\BA_SK_019\BA_SK_019_img_02.jpg,.jpg,converted,False,960,549,Success
BA_SK_019,data\raw\images\BA_SK_019\BA_SK_019_img_03.jpg,data\raw\images\BA_SK_019\BA_SK_019_img_03.jpg,.jpg,converted,False,960,549,Success
BA_SK_019,data\raw\images\BA_SK_019\BA_SK_019_img_04.jpg,data\raw\images\BA_SK_019\BA_SK_019_img_04.jpg,.jpg,converted,False,960,549,Success
BA_SK_019,data\raw\images\BA_SK_019\BA_SK_019_img_05.jpg,data\raw\images\BA_SK_019\BA_SK_019_img_05.jpg,.jpg,converted,False,960,600,Success
BA_SK_019,data\raw\images\BA_SK_019\BA_SK_019_img_06.jpg,data\raw\images\BA_SK_019\BA_SK_019_img_06.jpg,.jpg,converted,False,668,960,Success
BA_SK_019,data\raw\images\BA_SK_019\BA_SK_019_img_07.jpg,data\raw\images\BA_SK_019\BA_SK_019_img_07.jpg,.jpg,converted,False,696,960,Success
BA_SK_019,data\raw\images\BA_SK_019\BA_SK_019_img_08.jpg,data\raw\images\BA_SK_019\BA_SK_019_img_08.jpg,.jpg,converted,False,674,960,Success
BA_SK_019,data\raw\images\BA_SK_019\BA_SK_019_img_09.jpg,data\raw\images\BA_SK_019\BA_SK_019_img_09.jpg,.jpg,converted,False,701,960,Success
BA_SK_019,data\raw\images\BA_SK_019\BA_SK_019_img_10.jpg,data\raw\images\BA_SK_019\BA_SK_019_img_10.jpg,.jpg,converted,False,701,960,Success
BA_SK_020,data\raw\images\BA_SK_020\BA_SK_020_img_01.jpg,data\raw\images\BA_SK_020\BA_SK_020_img_01.jpg,.jpg,converted,False,960,701,Success
BA_SK_020,data\raw\images\BA_SK_020\BA_SK_020_img_02.jpg,data\raw\images\BA_SK_020\BA_SK_020_img_02.jpg,.jpg,converted,False,960,632,Success
BA_SK_020,data\raw\images\BA_SK_020\BA_SK_020_img_03.jpg,data\raw\images\BA_SK_020\BA_SK_020_img_03.jpg,.jpg,converted,False,960,720,Success
BA_SK_020,data\raw\images\BA_SK_020\BA_SK_020_img_04.jpg,data\raw\images\BA_SK_020\BA_SK_020_img_04.jpg,.jpg,converted,False,960,720,Success
BA_SK_020,data\raw\images\BA_SK_020\BA_SK_020_img_05.jpg,data\raw\images\BA_SK_020\BA_SK_020_img_05.jpg,.jpg,converted,False,960,720,Success
BA_SK_020,data\raw\images\BA_SK_020\BA_SK_020_img_06.jpg,data\raw\images\BA_SK_020\BA_SK_020_img_06.jpg,.jpg,converted,False,800,553,Success
BA_SK_021,data\raw\images\BA_SK_021\BA_SK_021_img_01.jpg,data\raw\images\BA_SK_021\BA_SK_021_img_01.jpg,.jpg,converted,False,960,606,Success
BA_SK_021,data\raw\images\BA_SK_021\BA_SK_021_img_02.jpg,data\raw\images\BA_SK_021\BA_SK_021_img_02.jpg,.jpg,converted,False,960,678,Success
BA_SK_021,data\raw\images\BA_SK_021\BA_SK_021_img_03.jpg,data\raw\images\BA_SK_021\BA_SK_021_img_03.jpg,.jpg,converted,False,799,960,Success
BA_SK_021,data\raw\images\BA_SK_021\BA_SK_021_img_04.jpg,data\raw\images\BA_SK_021\BA_SK_021_img_04.jpg,.jpg,converted,False,960,655,Success
BA_SK_021,data\raw\images\BA_SK_021\BA_SK_021_img_05.jpg,data\raw\images\BA_SK_021\BA_SK_021_img_05.jpg,.jpg,converted,False,785,960,Success
BA_SK_021,data\raw\images\BA_SK_021\BA_SK_021_img_06.jpg,data\raw\images\BA_SK_021\BA_SK_021_img_06.jpg,.jpg,converted,False,748,960,Success
BA_SK_021,data\raw\images\BA_SK_021\BA_SK_021_img_07.jpg,data\raw\images\BA_SK_021\BA_SK_021_img_07.jpg,.jpg,converted,False,960,720,Success
BA_SK_022,data\raw\images\BA_SK_022\BA_SK_022_img_01.jpg,data\raw\images\BA_SK_022\BA_SK_022_img_01.jpg,.jpg,converted,False,720,960,Success
BA_SK_022,data\raw\images\BA_SK_022\BA_SK_022_img_02.jpg,data\raw\images\BA_SK_022\BA_SK_022_img_02.jpg,.jpg,converted,False,720,960,Success
BA_SK_022,data\raw\images\BA_SK_022\BA_SK_022_img_03.jpg,data\raw\images\BA_SK_022\BA_SK_022_img_03.jpg,.jpg,converted,False,720,960,Success
BA_SK_022,data\raw\images\BA_SK_022\BA_SK_022_img_04.jpg,data\raw\images\BA_SK_022\BA_SK_022_img_04.jpg,.jpg,converted,False,720,960,Success
BA_SK_022,data\raw\images\BA_SK_022\BA_SK_022_img_05.jpg,data\raw\images\BA_SK_022\BA_SK_022_img_05.jpg,.jpg,converted,False,455,960,Success
BA_SK_022,data\raw\images\BA_SK_022\BA_SK_022_img_06.jpg,data\raw\images\BA_SK_022\BA_SK_022_img_06.jpg,.jpg,converted,False,960,720,Success
BA_SK_022,data\raw\images\BA_SK_022\BA_SK_022_img_07.jpg,data\raw\images\BA_SK_022\BA_SK_022_img_07.jpg,.jpg,converted,False,720,960,Success
BA_SK_022,data\raw\images\BA_SK_022\BA_SK_022_img_08.jpg,data\raw\images\BA_SK_022\BA_SK_022_img_08.jpg,.jpg,converted,False,455,960,Success
BA_SK_022,data\raw\images\BA_SK_022\BA_SK_022_img_09.jpg,data\raw\images\BA_SK_022\BA_SK_022_img_09.jpg,.jpg,converted,False,455,960,Success
BA_SK_022,data\raw\images\BA_SK_022\BA_SK_022_img_10.jpg,data\raw\images\BA_SK_022\BA_SK_022_img_10.jpg,.jpg,converted,False,960,455,Success
BA_SK_023,data\raw\images\BA_SK_023\BA_SK_023_img_01.jpg,data\raw\images\BA_SK_023\BA_SK_023_img_01.jpg,.jpg,converted,False,960,541,Success
BA_SK_023,data\raw\images\BA_SK_023\BA_SK_023_img_02.jpg,data\raw\images\BA_SK_023\BA_SK_023_img_02.jpg,.jpg,converted,False,960,540,Success
BA_SK_023,data\raw\images\BA_SK_023\BA_SK_023_img_03.jpg,data\raw\images\BA_SK_023\BA_SK_023_img_03.jpg,.jpg,converted,False,960,540,Success
BA_SK_023,data\raw\images\BA_SK_023\BA_SK_023_img_04.jpg,data\raw\images\BA_SK_023\BA_SK_023_img_04.jpg,.jpg,converted,False,960,540,Success
BA_SK_023,data\raw\images\BA_SK_023\BA_SK_023_img_05.jpg,data\raw\images\BA_SK_023\BA_SK_023_img_05.jpg,.jpg,converted,False,960,540,Success
BA_SK_023,data\raw\images\BA_SK_023\BA_SK_023_img_06.jpg,data\raw\images\BA_SK_023\BA_SK_023_img_06.jpg,.jpg,converted,False,960,540,Success
BA_SK_023,data\raw\images\BA_SK_023\BA_SK_023_img_07.jpg,data\raw\images\BA_SK_023\BA_SK_023_img_07.jpg,.jpg,converted,False,960,540,Success
BA_SK_023,data\raw\images\BA_SK_023\BA_SK_023_img_08.jpg,data\raw\images\BA_SK_023\BA_SK_023_img_08.jpg,.jpg,converted,False,960,540,Success
BA_SK_023,data\raw\images\BA_SK_023\BA_SK_023_img_09.jpg,data\raw\images\BA_SK_023\BA_SK_023_img_09.jpg,.jpg,converted,False,960,540,Success
BA_SK_023,data\raw\images\BA_SK_023\BA_SK_023_img_10.jpg,data\raw\images\BA_SK_023\BA_SK_023_img_10.jpg,.jpg,converted,False,960,540,Success
BA_SK_024,data\raw\images\BA_SK_024\BA_SK_024_img_01.jpg,data\raw\images\BA_SK_024\BA_SK_024_img_01.jpg,.jpg,converted,False,720,960,Success
BA_SK_024,data\raw\images\BA_SK_024\BA_SK_024_img_02.jpg,data\raw\images\BA_SK_024\BA_SK_024_img_02.jpg,.jpg,converted,False,720,960,Success
BA_SK_024,data\raw\images\BA_SK_024\BA_SK_024_img_03.jpg,data\raw\images\BA_SK_024\BA_SK_024_img_03.jpg,.jpg,converted,False,720,960,Success
BA_SK_024,data\raw\images\BA_SK_024\BA_SK_024_img_04.jpg,data\raw\images\BA_SK_024\BA_SK_024_img_04.jpg,.jpg,converted,False,720,960,Success
BA_SK_024,data\raw\images\BA_SK_024\BA_SK_024_img_05.jpg,data\raw\images\BA_SK_024\BA_SK_024_img_05.jpg,.jpg,converted,False,720,960,Success
BA_SK_024,data\raw\images\BA_SK_024\BA_SK_024_img_06.jpg,data\raw\images\BA_SK_024\BA_SK_024_img_06.jpg,.jpg,converted,False,720,960,Success
BA_SK_024,data\raw\images\BA_SK_024\BA_SK_024_img_07.jpg,data\raw\images\BA_SK_024\BA_SK_024_img_07.jpg,.jpg,converted,False,720,960,Success
BA_SK_024,data\raw\images\BA_SK_024\BA_SK_024_img_08.jpg,data\raw\images\BA_SK_024\BA_SK_024_img_08.jpg,.jpg,converted,False,720,960,Success
BA_SK_024,data\raw\images\BA_SK_024\BA_SK_024_img_09.jpg,data\raw\images\BA_SK_024\BA_SK_024_img_09.jpg,.jpg,converted,False,720,960,Success
BA_SK_025,data\raw\images\BA_SK_025\BA_SK_025_img_01.jpg,data\raw\images\BA_SK_025\BA_SK_025_img_01.jpg,.jpg,converted,False,960,720,Success
BA_SK_025,data\raw\images\BA_SK_025\BA_SK_025_img_02.jpg,data\raw\images\BA_SK_025\BA_SK_025_img_02.jpg,.jpg,converted,False,720,960,Success
BA_SK_025,data\raw\images\BA_SK_025\BA_SK_025_img_03.jpg,data\raw\images\BA_SK_025\BA_SK_025_img_03.jpg,.jpg,converted,False,960,720,Success
BA_SK_025,data\raw\images\BA_SK_025\BA_SK_025_img_04.jpg,data\raw\images\BA_SK_025\BA_SK_025_img_04.jpg,.jpg,converted,False,720,960,Success
BA_SK_025,data\raw\images\BA_SK_025\BA_SK_025_img_05.jpg,data\raw\images\BA_SK_025\BA_SK_025_img_05.jpg,.jpg,converted,False,720,960,Success
BA_SK_025,data\raw\images\BA_SK_025\BA_SK_025_img_06.jpg,data\raw\images\BA_SK_025\BA_SK_025_img_06.jpg,.jpg,converted,False,720,960,Success
BA_SK_025,data\raw\images\BA_SK_025\BA_SK_025_img_07.jpg,data\raw\images\BA_SK_025\BA_SK_025_img_07.jpg,.jpg,converted,False,720,960,Success
BA_SK_025,data\raw\images\BA_SK_025\BA_SK_025_img_08.jpg,data\raw\images\BA_SK_025\BA_SK_025_img_08.jpg,.jpg,converted,False,720,960,Success
BA_SK_026,data\raw\images\BA_SK_026\BA_SK_026_img_01.jpg,data\raw\images\BA_SK_026\BA_SK_026_img_01.jpg,.jpg,converted,False,960,720,Success
BA_SK_026,data\raw\images\BA_SK_026\BA_SK_026_img_02.jpg,data\raw\images\BA_SK_026\BA_SK_026_img_02.jpg,.jpg,converted,False,960,720,Success
BA_SK_026,data\raw\images\BA_SK_026\BA_SK_026_img_03.jpg,data\raw\images\BA_SK_026\BA_SK_026_img_03.jpg,.jpg,converted,False,960,720,Success
BA_SK_026,data\raw\images\BA_SK_026\BA_SK_026_img_04.jpg,data\raw\images\BA_SK_026\BA_SK_026_img_04.jpg,.jpg,converted,False,960,720,Success
BA_SK_026,data\raw\images\BA_SK_026\BA_SK_026_img_05.jpg,data\raw\images\BA_SK_026\BA_SK_026_img_05.jpg,.jpg,converted,False,960,720,Success
BA_SK_026,data\raw\images\BA_SK_026\BA_SK_026_img_06.jpg,data\raw\images\BA_SK_026\BA_SK_026_img_06.jpg,.jpg,converted,False,720,960,Success
BA_SK_026,data\raw\images\BA_SK_026\BA_SK_026_img_07.jpg,data\raw\images\BA_SK_026\BA_SK_026_img_07.jpg,.jpg,converted,False,960,720,Success
BA_SK_027,data\raw\images\BA_SK_027\BA_SK_027_img_01.jpg,data\raw\images\BA_SK_027\BA_SK_027_img_01.jpg,.jpg,converted,False,960,720,Success
BA_SK_027,data\raw\images\BA_SK_027\BA_SK_027_img_02.jpg,data\raw\images\BA_SK_027\BA_SK_027_img_02.jpg,.jpg,converted,False,960,720,Success
BA_SK_027,data\raw\images\BA_SK_027\BA_SK_027_img_03.jpg,data\raw\images\BA_SK_027\BA_SK_027_img_03.jpg,.jpg,converted,False,960,720,Success
BA_SK_027,data\raw\images\BA_SK_027\BA_SK_027_img_04.jpg,data\raw\images\BA_SK_027\BA_SK_027_img_04.jpg,.jpg,converted,False,960,720,Success
BA_SK_027,data\raw\images\BA_SK_027\BA_SK_027_img_05.jpg,data\raw\images\BA_SK_027\BA_SK_027_img_05.jpg,.jpg,converted,False,960,720,Success
BA_SK_027,data\raw\images\BA_SK_027\BA_SK_027_img_06.jpg,data\raw\images\BA_SK_027\BA_SK_027_img_06.jpg,.jpg,converted,False,720,960,Success
BA_SK_027,data\raw\images\BA_SK_027\BA_SK_027_img_07.jpg,data\raw\images\BA_SK_027\BA_SK_027_img_07.jpg,.jpg,converted,False,960,720,Success
BA_SK_027,data\raw\images\BA_SK_027\BA_SK_027_img_08.jpg,data\raw\images\BA_SK_027\BA_SK_027_img_08.jpg,.jpg,converted,False,720,960,Success
BA_SK_027,data\raw\images\BA_SK_027\BA_SK_027_img_09.jpg,data\raw\images\BA_SK_027\BA_SK_027_img_09.jpg,.jpg,converted,False,720,960,Success
BA_SK_028,data\raw\images\BA_SK_028\BA_SK_028_img_01.jpg,data\raw\images\BA_SK_028\BA_SK_028_img_01.jpg,.jpg,converted,False,720,960,Success
BA_SK_028,data\raw\images\BA_SK_028\BA_SK_028_img_02.jpg,data\raw\images\BA_SK_028\BA_SK_028_img_02.jpg,.jpg,converted,False,720,960,Success
BA_SK_028,data\raw\images\BA_SK_028\BA_SK_028_img_03.jpg,data\raw\images\BA_SK_028\BA_SK_028_img_03.jpg,.jpg,converted,False,720,960,Success
BA_SK_028,data\raw\images\BA_SK_028\BA_SK_028_img_04.jpg,data\raw\images\BA_SK_028\BA_SK_028_img_04.jpg,.jpg,converted,False,720,960,Success
BA_SK_028,data\raw\images\BA_SK_028\BA_SK_028_img_05.jpg,data\raw\images\BA_SK_028\BA_SK_028_img_05.jpg,.jpg,converted,False,720,960,Success
BA_SK_028,data\raw\images\BA_SK_028\BA_SK_028_img_06.jpg,data\raw\images\BA_SK_028\BA_SK_028_img_06.jpg,.jpg,converted,False,720,960,Success
BA_SK_028,data\raw\images\BA_SK_028\BA_SK_028_img_07.jpg,data\raw\images\BA_SK_028\BA_SK_028_img_07.jpg,.jpg,converted,False,720,960,Success
BA_SK_028,data\raw\images\BA_SK_028\BA_SK_028_img_08.jpg,data\raw\images\BA_SK_028\BA_SK_028_img_08.jpg,.jpg,converted,False,720,960,Success
BA_SK_028,data\raw\images\BA_SK_028\BA_SK_028_img_09.jpg,data\raw\images\BA_SK_028\BA_SK_028_img_09.jpg,.jpg,converted,False,720,960,Success
BA_SK_029,data\raw\images\BA_SK_029\BA_SK_029_img_01.jpg,data\raw\images\BA_SK_029\BA_SK_029_img_01.jpg,.jpg,converted,False,720,960,Success
BA_SK_029,data\raw\images\BA_SK_029\BA_SK_029_img_02.jpg,data\raw\images\BA_SK_029\BA_SK_029_img_02.jpg,.jpg,converted,False,960,720,Success
BA_SK_029,data\raw\images\BA_SK_029\BA_SK_029_img_03.jpg,data\raw\images\BA_SK_029\BA_SK_029_img_03.jpg,.jpg,converted,False,960,720,Success
BA_SK_029,data\raw\images\BA_SK_029\BA_SK_029_img_04.jpg,data\raw\images\BA_SK_029\BA_SK_029_img_04.jpg,.jpg,converted,False,960,720,Success
BA_SK_029,data\raw\images\BA_SK_029\BA_SK_029_img_05.jpg,data\raw\images\BA_SK_029\BA_SK_029_img_05.jpg,.jpg,converted,False,720,960,Success
BA_SK_029,data\raw\images\BA_SK_029\BA_SK_029_img_06.jpg,data\raw\images\BA_SK_029\BA_SK_029_img_06.jpg,.jpg,converted,False,720,960,Success
BA_SK_029,data\raw\images\BA_SK_029\BA_SK_029_img_07.jpg,data\raw\images\BA_SK_029\BA_SK_029_img_07.jpg,.jpg,converted,False,720,960,Success
BA_SK_029,data\raw\images\BA_SK_029\BA_SK_029_img_08.jpg,data\raw\images\BA_SK_029\BA_SK_029_img_08.jpg,.jpg,converted,False,720,960,Success
BA_SK_030,data\raw\images\BA_SK_030\BA_SK_030_img_01.jpg,data\raw\images\BA_SK_030\BA_SK_030_img_01.jpg,.jpg,converted,False,720,960,Success
BA_SK_030,data\raw\images\BA_SK_030\BA_SK_030_img_02.jpg,data\raw\images\BA_SK_030\BA_SK_030_img_02.jpg,.jpg,converted,False,720,960,Success
BA_SK_030,data\raw\images\BA_SK_030\BA_SK_030_img_03.jpg,data\raw\images\BA_SK_030\BA_SK_030_img_03.jpg,.jpg,converted,False,720,960,Success
BA_SK_030,data\raw\images\BA_SK_030\BA_SK_030_img_04.jpg,data\raw\images\BA_SK_030\BA_SK_030_img_04.jpg,.jpg,converted,False,720,960,Success
BA_SK_030,data\raw\images\BA_SK_030\BA_SK_030_img_05.jpg,data\raw\images\BA_SK_030\BA_SK_030_img_05.jpg,.jpg,converted,False,720,960,Success
BA_SK_030,data\raw\images\BA_SK_030\BA_SK_030_img_06.jpg,data\raw\images\BA_SK_030\BA_SK_030_img_06.jpg,.jpg,converted,False,720,960,Success
BA_SK_030,data\raw\images\BA_SK_030\BA_SK_030_img_07.jpg,data\raw\images\BA_SK_030\BA_SK_030_img_07.jpg,.jpg,converted,False,720,960,Success
BA_SK_030,data\raw\images\BA_SK_030\BA_SK_030_img_08.jpg,data\raw\images\BA_SK_030\BA_SK_030_img_08.jpg,.jpg,converted,False,720,960,Success
BA_SK_030,data\raw\images\BA_SK_030\BA_SK_030_img_09.jpg,data\raw\images\BA_SK_030\BA_SK_030_img_09.jpg,.jpg,converted,False,720,960,Success
BA_SK_031,data\raw\images\BA_SK_031\BA_SK_031_img_01.jpg,data\raw\images\BA_SK_031\BA_SK_031_img_01.jpg,.jpg,converted,False,960,640,Success
BA_SK_031,data\raw\images\BA_SK_031\BA_SK_031_img_02.jpg,data\raw\images\BA_SK_031\BA_SK_031_img_02.jpg,.jpg,converted,False,960,640,Success
BA_SK_031,data\raw\images\BA_SK_031\BA_SK_031_img_03.jpg,data\raw\images\BA_SK_031\BA_SK_031_img_03.jpg,.jpg,converted,False,960,640,Success
BA_SK_031,data\raw\images\BA_SK_031\BA_SK_031_img_04.jpg,data\raw\images\BA_SK_031\BA_SK_031_img_04.jpg,.jpg,converted,False,960,640,Success
BA_SK_031,data\raw\images\BA_SK_031\BA_SK_031_img_05.jpg,data\raw\images\BA_SK_031\BA_SK_031_img_05.jpg,.jpg,converted,False,960,640,Success
BA_SK_031,data\raw\images\BA_SK_031\BA_SK_031_img_06.jpg,data\raw\images\BA_SK_031\BA_SK_031_img_06.jpg,.jpg,converted,False,960,640,Success
BA_SK_031,data\raw\images\BA_SK_031\BA_SK_031_img_07.jpg,data\raw\images\BA_SK_031\BA_SK_031_img_07.jpg,.jpg,converted,False,960,640,Success
BA_SK_031,data\raw\images\BA_SK_031\BA_SK_031_img_08.jpg,data\raw\images\BA_SK_031\BA_SK_031_img_08.jpg,.jpg,converted,False,960,640,Success
BA_SK_031,data\raw\images\BA_SK_031\BA_SK_031_img_09.jpg,data\raw\images\BA_SK_031\BA_SK_031_img_09.jpg,.jpg,converted,False,960,640,Success
BA_SK_031,data\raw\images\BA_SK_031\BA_SK_031_img_10.jpg,data\raw\images\BA_SK_031\BA_SK_031_img_10.jpg,.jpg,converted,False,960,640,Success
BA_SK_032,data\raw\images\BA_SK_032\BA_SK_032_img_01.jpg,data\raw\images\BA_SK_032\BA_SK_032_img_01.jpg,.jpg,converted,False,720,960,Success
BA_SK_032,data\raw\images\BA_SK_032\BA_SK_032_img_02.jpg,data\raw\images\BA_SK_032\BA_SK_032_img_02.jpg,.jpg,converted,False,720,960,Success
BA_SK_032,data\raw\images\BA_SK_032\BA_SK_032_img_03.jpg,data\raw\images\BA_SK_032\BA_SK_032_img_03.jpg,.jpg,converted,False,720,960,Success
BA_SK_032,data\raw\images\BA_SK_032\BA_SK_032_img_04.jpg,data\raw\images\BA_SK_032\BA_SK_032_img_04.jpg,.jpg,converted,False,720,960,Success
BA_SK_032,data\raw\images\BA_SK_032\BA_SK_032_img_05.jpg,data\raw\images\BA_SK_032\BA_SK_032_img_05.jpg,.jpg,converted,False,720,960,Success
BA_SK_032,data\raw\images\BA_SK_032\BA_SK_032_img_06.jpg,data\raw\images\BA_SK_032\BA_SK_032_img_06.jpg,.jpg,converted,False,720,960,Success
BA_SK_032,data\raw\images\BA_SK_032\BA_SK_032_img_07.jpg,data\raw\images\BA_SK_032\BA_SK_032_img_07.jpg,.jpg,converted,False,720,960,Success
BA_SK_032,data\raw\images\BA_SK_032\BA_SK_032_img_08.jpg,data\raw\images\BA_SK_032\BA_SK_032_img_08.jpg,.jpg,converted,False,720,960,Success
BA_SK_032,data\raw\images\BA_SK_032\BA_SK_032_img_09.jpg,data\raw\images\BA_SK_032\BA_SK_032_img_09.jpg,.jpg,converted,False,720,960,Success
BA_SK_033,data\raw\images\BA_SK_033\BA_SK_033_img_01.jpg,data\raw\images\BA_SK_033\BA_SK_033_img_01.jpg,.jpg,converted,False,720,960,Success
BA_SK_033,data\raw\images\BA_SK_033\BA_SK_033_img_02.jpg,data\raw\images\BA_SK_033\BA_SK_033_img_02.jpg,.jpg,converted,False,960,720,Success
BA_SK_033,data\raw\images\BA_SK_033\BA_SK_033_img_03.jpg,data\raw\images\BA_SK_033\BA_SK_033_img_03.jpg,.jpg,converted,False,960,720,Success
BA_SK_033,data\raw\images\BA_SK_033\BA_SK_033_img_04.jpg,data\raw\images\BA_SK_033\BA_SK_033_img_04.jpg,.jpg,converted,False,960,720,Success
BA_SK_033,data\raw\images\BA_SK_033\BA_SK_033_img_05.jpg,data\raw\images\BA_SK_033\BA_SK_033_img_05.jpg,.jpg,converted,False,720,960,Success
BA_SK_033,data\raw\images\BA_SK_033\BA_SK_033_img_06.jpg,data\raw\images\BA_SK_033\BA_SK_033_img_06.jpg,.jpg,converted,False,720,960,Success
BA_SK_033,data\raw\images\BA_SK_033\BA_SK_033_img_07.jpg,data\raw\images\BA_SK_033\BA_SK_033_img_07.jpg,.jpg,converted,False,720,960,Success
BA_SK_034,data\raw\images\BA_SK_034\BA_SK_034_img_01.jpg,data\raw\images\BA_SK_034\BA_SK_034_img_01.jpg,.jpg,converted,False,960,640,Success
BA_SK_034,data\raw\images\BA_SK_034\BA_SK_034_img_02.jpg,data\raw\images\BA_SK_034\BA_SK_034_img_02.jpg,.jpg,converted,False,960,640,Success
BA_SK_034,data\raw\images\BA_SK_034\BA_SK_034_img_03.jpg,data\raw\images\BA_SK_034\BA_SK_034_img_03.jpg,.jpg,converted,False,960,640,Success
BA_SK_034,data\raw\images\BA_SK_034\BA_SK_034_img_04.jpg,data\raw\images\BA_SK_034\BA_SK_034_img_04.jpg,.jpg,converted,False,960,640,Success
BA_SK_034,data\raw\images\BA_SK_034\BA_SK_034_img_05.jpg,data\raw\images\BA_SK_034\BA_SK_034_img_05.jpg,.jpg,converted,False,960,640,Success
BA_SK_034,data\raw\images\BA_SK_034\BA_SK_034_img_06.jpg,data\raw\images\BA_SK_034\BA_SK_034_img_06.jpg,.jpg,converted,False,960,640,Success
BA_SK_034,data\raw\images\BA_SK_034\BA_SK_034_img_07.jpg,data\raw\images\BA_SK_034\BA_SK_034_img_07.jpg,.jpg,converted,False,960,640,Success
BA_SK_034,data\raw\images\BA_SK_034\BA_SK_034_img_08.jpg,data\raw\images\BA_SK_034\BA_SK_034_img_08.jpg,.jpg,converted,False,960,640,Success
VIE_A_001,data\raw\images\VIE_A_001\VIE_A_001_img_01.HEIC,data\raw\images\VIE_A_001\VIE_A_001_img_01.jpg,.heic,converted,True,1200,1600,Success
VIE_A_001,data\raw\images\VIE_A_001\VIE_A_001_img_01.jpg,data\raw\images\VIE_A_001\VIE_A_001_img_02.jpg,.jpg,converted,False,1200,1600,Success
VIE_A_001,data\raw\images\VIE_A_001\VIE_A_001_img_02.HEIC,data\raw\images\VIE_A_001\VIE_A_001_img_03.jpg,.heic,converted,True,1200,1600,Success
VIE_A_001,data\raw\images\VIE_A_001\VIE_A_001_img_02.jpg,data\raw\images\VIE_A_001\VIE_A_001_img_04.jpg,.jpg,converted,False,1200,1600,Success
VIE_A_001,data\raw\images\VIE_A_001\VIE_A_001_img_03.HEIC,data\raw\images\VIE_A_001\VIE_A_001_img_05.jpg,.heic,converted,True,1200,1600,Success
VIE_A_001,data\raw\images\VIE_A_001\VIE_A_001_img_03.jpg,data\raw\images\VIE_A_001\VIE_A_001_img_06.jpg,.jpg,converted,False,1200,1600,Success
VIE_A_001,data\raw\images\VIE_A_001\VIE_A_001_img_04.HEIC,data\raw\images\VIE_A_001\VIE_A_001_img_07.jpg,.heic,converted,True,1200,1600,Success
VIE_A_001,data\raw\images\VIE_A_001\VIE_A_001_img_04.jpg,data\raw\images\VIE_A_001\VIE_A_001_img_08.jpg,.jpg,converted,False,1200,1600,Success
VIE_A_001,data\raw\images\VIE_A_001\VIE_A_001_img_05.HEIC,data\raw\images\VIE_A_001\VIE_A_001_img_09.jpg,.heic,converted,True,1200,1600,Success
VIE_A_001,data\raw\images\VIE_A_001\VIE_A_001_img_05.jpg,data\raw\images\VIE_A_001\VIE_A_001_img_10.jpg,.jpg,converted,False,1200,1600,Success
VIE_A_001,data\raw\images\VIE_A_001\VIE_A_001_img_06.HEIC,data\raw\images\VIE_A_001\VIE_A_001_img_11.jpg,.heic,converted,True,1200,1600,Success
VIE_A_001,data\raw\images\VIE_A_001\VIE_A_001_img_06.jpg,data\raw\images\VIE_A_001\VIE_A_001_img_12.jpg,.jpg,converted,False,1200,1600,Success
VIE_A_001,data\raw\images\VIE_A_001\VIE_A_001_img_07.HEIC,data\raw\images\VIE_A_001\VIE_A_001_img_13.jpg,.heic,converted,True,1200,1600,Success
VIE_A_001,data\raw\images\VIE_A_001\VIE_A_001_img_07.jpg,data\raw\images\VIE_A_001\VIE_A_001_img_14.jpg,.jpg,converted,False,1200,1600,Success
VIE_A_001,data\raw\images\VIE_A_001\VIE_A_001_img_08.HEIC,data\raw\images\VIE_A_001\VIE_A_001_img_15.jpg,.heic,converted,True,1200,1600,Success
VIE_A_001,data\raw\images\VIE_A_001\VIE_A_001_img_08.jpg,data\raw\images\VIE_A_001\VIE_A_001_img_16.jpg,.jpg,converted,False,1200,1600,Success
VIE_A_001,data\raw\images\VIE_A_001\VIE_A_001_img_09.HEIC,data\raw\images\VIE_A_001\VIE_A_001_img_17.jpg,.heic,converted,True,1200,1600,Success
VIE_A_001,data\raw\images\VIE_A_001\VIE_A_001_img_09.jpg,data\raw\images\VIE_A_001\VIE_A_001_img_18.jpg,.jpg,converted,False,1200,1600,Success
VIE_A_001,data\raw\images\VIE_A_001\VIE_A_001_img_10.HEIC,data\raw\images\VIE_A_001\VIE_A_001_img_19.jpg,.heic,converted,True,1200,1600,Success
VIE_A_001,data\raw\images\VIE_A_001\VIE_A_001_img_10.jpg,data\raw\images\VIE_A_001\VIE_A_001_img_20.jpg,.jpg,converted,False,1200,1600,Success
VIE_A_001,data\raw\images\VIE_A_001\VIE_A_001_img_11.HEIC,data\raw\images\VIE_A_001\VIE_A_001_img_21.jpg,.heic,converted,True,1200,1600,Success
VIE_A_001,data\raw\images\VIE_A_001\VIE_A_001_img_11.jpg,data\raw\images\VIE_A_001\VIE_A_001_img_22.jpg,.jpg,converted,False,1200,1600,Success
VIE_A_001,data\raw\images\VIE_A_001\VIE_A_001_img_12.HEIC,data\raw\images\VIE_A_001\VIE_A_001_img_23.jpg,.heic,converted,True,1200,1600,Success
VIE_A_001,data\raw\images\VIE_A_001\VIE_A_001_img_12.jpg,data\raw\images\VIE_A_001\VIE_A_001_img_24.jpg,.jpg,converted,False,1200,1600,Success
VIE_A_001,data\raw\images\VIE_A_001\VIE_A_001_img_13.HEIC,data\raw\images\VIE_A_001\VIE_A_001_img_25.jpg,.heic,converted,True,1200,1600,Success
VIE_A_001,data\raw\images\VIE_A_001\VIE_A_001_img_13.jpg,data\raw\images\VIE_A_001\VIE_A_001_img_26.jpg,.jpg,converted,False,1200,1600,Success
VIE_A_001,data\raw\images\VIE_A_001\VIE_A_001_img_14.HEIC,data\raw\images\VIE_A_001\VIE_A_001_img_27.jpg,.heic,converted,True,1200,1600,Success
VIE_A_001,data\raw\images\VIE_A_001\VIE_A_001_img_14.jpg,data\raw\images\VIE_A_001\VIE_A_001_img_28.jpg,.jpg,converted,False,1200,1600,Success
VIE_A_001,data\raw\images\VIE_A_001\VIE_A_001_img_15.HEIC,data\raw\images\VIE_A_001\VIE_A_001_img_29.jpg,.heic,converted,True,1200,1600,Success
VIE_A_001,data\raw\images\VIE_A_001\VIE_A_001_img_15.jpg,data\raw\images\VIE_A_001\VIE_A_001_img_30.jpg,.jpg,converted,False,1200,1600,Success
VIE_A_001,data\raw\images\VIE_A_001\VIE_A_001_img_16.HEIC,data\raw\images\VIE_A_001\VIE_A_001_img_31.jpg,.heic,converted,True,1200,1600,Success
VIE_A_001,data\raw\images\VIE_A_001\VIE_A_001_img_16.jpg,data\raw\images\VIE_A_001\VIE_A_001_img_32.jpg,.jpg,converted,False,1200,1600,Success
VIE_A_001,data\raw\images\VIE_A_001\VIE_A_001_img_17.HEIC,data\raw\images\VIE_A_001\VIE_A_001_img_33.jpg,.heic,converted,True,1200,1600,Success
VIE_A_001,data\raw\images\VIE_A_001\VIE_A_001_img_17.jpg,data\raw\images\VIE_A_001\VIE_A_001_img_34.jpg,.jpg,converted,False,1200,1600,Success
VIE_A_001,data\raw\images\VIE_A_001\VIE_A_001_img_18.jpg,data\raw\images\VIE_A_001\VIE_A_001_img_35.jpg,.jpg,converted,False,1200,1600,Success
VIE_A_001,data\raw\images\VIE_A_001\VIE_A_001_img_18.png,data\raw\images\VIE_A_001\VIE_A_001_img_36.jpg,.png,converted,False,767,587,Success
VIE_A_002,data\raw\images\VIE_A_002\VIE_A_002_img_01.JPG,data\raw\images\VIE_A_002\VIE_A_002_img_01.jpg,.jpg,converted,False,1125,1472,Success
VIE_A_002,data\raw\images\VIE_A_002\VIE_A_002_img_02.JPG,data\raw\images\VIE_A_002\VIE_A_002_img_02.jpg,.jpg,converted,False,1125,1481,Success
VIE_A_002,data\raw\images\VIE_A_002\VIE_A_002_img_03.JPG,data\raw\images\VIE_A_002\VIE_A_002_img_03.jpg,.jpg,converted,False,1125,1458,Success
VIE_A_002,data\raw\images\VIE_A_002\VIE_A_002_img_04.JPG,data\raw\images\VIE_A_002\VIE_A_002_img_04.jpg,.jpg,converted,False,1125,1508,Success
VIE_A_002,data\raw\images\VIE_A_002\VIE_A_002_img_05.JPG,data\raw\images\VIE_A_002\VIE_A_002_img_05.jpg,.jpg,converted,False,1125,1486,Success
VIE_A_002,data\raw\images\VIE_A_002\VIE_A_002_img_06.JPG,data\raw\images\VIE_A_002\VIE_A_002_img_06.jpg,.jpg,converted,False,1125,1489,Success
VIE_A_002,data\raw\images\VIE_A_002\VIE_A_002_img_07.JPG,data\raw\images\VIE_A_002\VIE_A_002_img_07.jpg,.jpg,converted,False,1125,1474,Success
VIE_A_002,data\raw\images\VIE_A_002\VIE_A_002_img_08.JPG,data\raw\images\VIE_A_002\VIE_A_002_img_08.jpg,.jpg,converted,False,1125,1472,Success
VIE_A_002,data\raw\images\VIE_A_002\VIE_A_002_img_09.jpg,data\raw\images\VIE_A_002\VIE_A_002_img_09.jpg,.jpg,converted,False,902,818,Success
VIE_A_002,data\raw\images\VIE_A_002\VIE_A_002_img_09.png,data\raw\images\VIE_A_002\VIE_A_002_img_10.jpg,.png,converted,False,902,818,Success
VIE_A_003,data\raw\images\VIE_A_003\VIE_A_003_img_01.HEIC,data\raw\images\VIE_A_003\VIE_A_003_img_01.jpg,.heic,converted,True,1200,1600,Success
VIE_A_003,data\raw\images\VIE_A_003\VIE_A_003_img_01.jpg,data\raw\images\VIE_A_003\VIE_A_003_img_02.jpg,.jpg,converted,False,1200,1600,Success
VIE_A_003,data\raw\images\VIE_A_003\VIE_A_003_img_02.HEIC,data\raw\images\VIE_A_003\VIE_A_003_img_03.jpg,.heic,converted,True,1200,1600,Success
VIE_A_003,data\raw\images\VIE_A_003\VIE_A_003_img_02.jpg,data\raw\images\VIE_A_003\VIE_A_003_img_04.jpg,.jpg,converted,False,1200,1600,Success
VIE_A_003,data\raw\images\VIE_A_003\VIE_A_003_img_03.HEIC,data\raw\images\VIE_A_003\VIE_A_003_img_05.jpg,.heic,converted,True,1200,1600,Success
VIE_A_003,data\raw\images\VIE_A_003\VIE_A_003_img_03.jpg,data\raw\images\VIE_A_003\VIE_A_003_img_06.jpg,.jpg,converted,False,1200,1600,Success
VIE_A_003,data\raw\images\VIE_A_003\VIE_A_003_img_04.HEIC,data\raw\images\VIE_A_003\VIE_A_003_img_07.jpg,.heic,converted,True,1200,1600,Success
VIE_A_003,data\raw\images\VIE_A_003\VIE_A_003_img_04.jpg,data\raw\images\VIE_A_003\VIE_A_003_img_08.jpg,.jpg,converted,False,1200,1600,Success
VIE_A_003,data\raw\images\VIE_A_003\VIE_A_003_img_05.HEIC,data\raw\images\VIE_A_003\VIE_A_003_img_09.jpg,.heic,converted,True,1200,1600,Success
VIE_A_003,data\raw\images\VIE_A_003\VIE_A_003_img_05.jpg,data\raw\images\VIE_A_003\VIE_A_003_img_10.jpg,.jpg,converted,False,1200,1600,Success
VIE_A_003,data\raw\images\VIE_A_003\VIE_A_003_img_06.HEIC,data\raw\images\VIE_A_003\VIE_A_003_img_11.jpg,.heic,converted,True,1200,1600,Success
VIE_A_003,data\raw\images\VIE_A_003\VIE_A_003_img_06.jpg,data\raw\images\VIE_A_003\VIE_A_003_img_12.jpg,.jpg,converted,False,1200,1600,Success
VIE_A_003,data\raw\images\VIE_A_003\VIE_A_003_img_07.HEIC,data\raw\images\VIE_A_003\VIE_A_003_img_13.jpg,.heic,converted,True,1200,1600,Success
VIE_A_003,data\raw\images\VIE_A_003\VIE_A_003_img_07.jpg,data\raw\images\VIE_A_003\VIE_A_003_img_14.jpg,.jpg,converted,False,1200,1600,Success
VIE_A_003,data\raw\images\VIE_A_003\VIE_A_003_img_08.HEIC,data\raw\images\VIE_A_003\VIE_A_003_img_15.jpg,.heic,converted,True,1200,1600,Success
VIE_A_003,data\raw\images\VIE_A_003\VIE_A_003_img_08.jpg,data\raw\images\VIE_A_003\VIE_A_003_img_16.jpg,.jpg,converted,False,1200,1600,Success
VIE_A_003,data\raw\images\VIE_A_003\VIE_A_003_img_09.HEIC,data\raw\images\VIE_A_003\VIE_A_003_img_17.jpg,.heic,converted,True,1200,1600,Success
VIE_A_003,data\raw\images\VIE_A_003\VIE_A_003_img_09.jpg,data\raw\images\VIE_A_003\VIE_A_003_img_18.jpg,.jpg,converted,False,1200,1600,Success
VIE_A_003,data\raw\images\VIE_A_003\VIE_A_003_img_10.jpg,data\raw\images\VIE_A_003\VIE_A_003_img_19.jpg,.jpg,converted,False,1200,1600,Success
VIE_A_003,data\raw\images\VIE_A_003\VIE_A_003_img_10.png,data\raw\images\VIE_A_003\VIE_A_003_img_20.jpg,.png,converted,False,902,818,Success
VIE_A_004,data\raw\images\VIE_A_004\VIE_A_004_img_01.JPG,data\raw\images\VIE_A_004\VIE_A_004_img_01.jpg,.jpg,converted,True,1600,1200,Success
VIE_A_004,data\raw\images\VIE_A_004\VIE_A_004_img_02.JPG,data\raw\images\VIE_A_004\VIE_A_004_img_02.jpg,.jpg,converted,True,1600,1200,Success
VIE_A_004,data\raw\images\VIE_A_004\VIE_A_004_img_03.JPG,data\raw\images\VIE_A_004\VIE_A_004_img_03.jpg,.jpg,converted,True,1600,1200,Success
VIE_A_004,data\raw\images\VIE_A_004\VIE_A_004_img_04.JPG,data\raw\images\VIE_A_004\VIE_A_004_img_04.jpg,.jpg,converted,True,1600,1200,Success
VIE_A_004,data\raw\images\VIE_A_004\VIE_A_004_img_05.JPG,data\raw\images\VIE_A_004\VIE_A_004_img_05.jpg,.jpg,converted,True,1600,1200,Success
VIE_A_004,data\raw\images\VIE_A_004\VIE_A_004_img_06.JPG,data\raw\images\VIE_A_004\VIE_A_004_img_06.jpg,.jpg,converted,True,1600,1200,Success
VIE_A_004,data\raw\images\VIE_A_004\VIE_A_004_img_07.jpg,data\raw\images\VIE_A_004\VIE_A_004_img_07.jpg,.jpg,converted,False,676,579,Success
VIE_A_004,data\raw\images\VIE_A_004\VIE_A_004_img_07.png,data\raw\images\VIE_A_004\VIE_A_004_img_08.jpg,.png,converted,False,676,579,Success
VIE_A_005,data\raw\images\VIE_A_005\VIE_A_005_img_01.JPG,data\raw\images\VIE_A_005\VIE_A_005_img_01.jpg,.jpg,converted,False,1125,1473,Success
VIE_A_005,data\raw\images\VIE_A_005\VIE_A_005_img_02.JPG,data\raw\images\VIE_A_005\VIE_A_005_img_02.jpg,.jpg,converted,False,1125,1486,Success
VIE_A_005,data\raw\images\VIE_A_005\VIE_A_005_img_03.JPG,data\raw\images\VIE_A_005\VIE_A_005_img_03.jpg,.jpg,converted,False,1039,1349,Success
VIE_A_005,data\raw\images\VIE_A_005\VIE_A_005_img_04.JPG,data\raw\images\VIE_A_005\VIE_A_005_img_04.jpg,.jpg,converted,False,1125,1345,Success
VIE_A_005,data\raw\images\VIE_A_005\VIE_A_005_img_05.JPG,data\raw\images\VIE_A_005\VIE_A_005_img_05.jpg,.jpg,converted,False,1125,1357,Success
VIE_A_005,data\raw\images\VIE_A_005\VIE_A_005_img_06.JPG,data\raw\images\VIE_A_005\VIE_A_005_img_06.jpg,.jpg,converted,False,1124,1400,Success
VIE_A_005,data\raw\images\VIE_A_005\VIE_A_005_img_07.JPG,data\raw\images\VIE_A_005\VIE_A_005_img_07.jpg,.jpg,converted,False,1125,1464,Success
VIE_A_005,data\raw\images\VIE_A_005\VIE_A_005_img_08.JPG,data\raw\images\VIE_A_005\VIE_A_005_img_08.jpg,.jpg,converted,False,1078,1466,Success
VIE_A_005,data\raw\images\VIE_A_005\VIE_A_005_img_09.JPG,data\raw\images\VIE_A_005\VIE_A_005_img_09.jpg,.jpg,converted,False,1125,1446,Success
VIE_A_005,data\raw\images\VIE_A_005\VIE_A_005_img_10.JPG,data\raw\images\VIE_A_005\VIE_A_005_img_10.jpg,.jpg,converted,False,1125,1460,Success
VIE_A_005,data\raw\images\VIE_A_005\VIE_A_005_img_11.jpg,data\raw\images\VIE_A_005\VIE_A_005_img_11.jpg,.jpg,converted,False,767,587,Success
VIE_A_005,data\raw\images\VIE_A_005\VIE_A_005_img_11.png,data\raw\images\VIE_A_005\VIE_A_005_img_12.jpg,.png,converted,False,767,587,Success
VIE_A_006,data\raw\images\VIE_A_006\VIE_A_006_img_01.HEIC,data\raw\images\VIE_A_006\VIE_A_006_img_01.jpg,.heic,converted,True,1200,1600,Success
VIE_A_006,data\raw\images\VIE_A_006\VIE_A_006_img_01.jpg,data\raw\images\VIE_A_006\VIE_A_006_img_02.jpg,.jpg,converted,False,1200,1600,Success
VIE_A_006,data\raw\images\VIE_A_006\VIE_A_006_img_02.HEIC,data\raw\images\VIE_A_006\VIE_A_006_img_03.jpg,.heic,converted,True,1200,1600,Success
VIE_A_006,data\raw\images\VIE_A_006\VIE_A_006_img_02.jpg,data\raw\images\VIE_A_006\VIE_A_006_img_04.jpg,.jpg,converted,False,1200,1600,Success
VIE_A_006,data\raw\images\VIE_A_006\VIE_A_006_img_03.HEIC,data\raw\images\VIE_A_006\VIE_A_006_img_05.jpg,.heic,converted,True,1226,1600,Success
VIE_A_006,data\raw\images\VIE_A_006\VIE_A_006_img_03.jpg,data\raw\images\VIE_A_006\VIE_A_006_img_06.jpg,.jpg,converted,False,1200,1600,Success
VIE_A_006,data\raw\images\VIE_A_006\VIE_A_006_img_04.HEIC,data\raw\images\VIE_A_006\VIE_A_006_img_07.jpg,.heic,converted,True,1144,1600,Success
VIE_A_006,data\raw\images\VIE_A_006\VIE_A_006_img_04.jpg,data\raw\images\VIE_A_006\VIE_A_006_img_08.jpg,.jpg,converted,False,1200,1600,Success
VIE_A_006,data\raw\images\VIE_A_006\VIE_A_006_img_05.HEIC,data\raw\images\VIE_A_006\VIE_A_006_img_09.jpg,.heic,converted,True,1200,1600,Success
VIE_A_006,data\raw\images\VIE_A_006\VIE_A_006_img_05.jpg,data\raw\images\VIE_A_006\VIE_A_006_img_10.jpg,.jpg,converted,False,1226,1600,Success
VIE_A_006,data\raw\images\VIE_A_006\VIE_A_006_img_06.HEIC,data\raw\images\VIE_A_006\VIE_A_006_img_11.jpg,.heic,converted,True,1200,1600,Success
VIE_A_006,data\raw\images\VIE_A_006\VIE_A_006_img_06.jpg,data\raw\images\VIE_A_006\VIE_A_006_img_12.jpg,.jpg,converted,False,1200,1600,Success
VIE_A_006,data\raw\images\VIE_A_006\VIE_A_006_img_07.HEIC,data\raw\images\VIE_A_006\VIE_A_006_img_13.jpg,.heic,converted,True,1200,1600,Success
VIE_A_006,data\raw\images\VIE_A_006\VIE_A_006_img_07.jpg,data\raw\images\VIE_A_006\VIE_A_006_img_14.jpg,.jpg,converted,False,1144,1600,Success
VIE_A_006,data\raw\images\VIE_A_006\VIE_A_006_img_08.HEIC,data\raw\images\VIE_A_006\VIE_A_006_img_15.jpg,.heic,converted,True,1200,1600,Success
VIE_A_006,data\raw\images\VIE_A_006\VIE_A_006_img_08.jpg,data\raw\images\VIE_A_006\VIE_A_006_img_16.jpg,.jpg,converted,False,1200,1600,Success
VIE_A_006,data\raw\images\VIE_A_006\VIE_A_006_img_09.HEIC,data\raw\images\VIE_A_006\VIE_A_006_img_17.jpg,.heic,converted,True,1200,1600,Success
VIE_A_006,data\raw\images\VIE_A_006\VIE_A_006_img_09.jpg,data\raw\images\VIE_A_006\VIE_A_006_img_18.jpg,.jpg,converted,False,1200,1600,Success
VIE_A_006,data\raw\images\VIE_A_006\VIE_A_006_img_10.HEIC,data\raw\images\VIE_A_006\VIE_A_006_img_19.jpg,.heic,converted,True,1200,1600,Success
VIE_A_006,data\raw\images\VIE_A_006\VIE_A_006_img_10.jpg,data\raw\images\VIE_A_006\VIE_A_006_img_20.jpg,.jpg,converted,False,1226,1600,Success
VIE_A_006,data\raw\images\VIE_A_006\VIE_A_006_img_11.HEIC,data\raw\images\VIE_A_006\VIE_A_006_img_21.jpg,.heic,converted,True,1200,1600,Success
VIE_A_006,data\raw\images\VIE_A_006\VIE_A_006_img_11.jpg,data\raw\images\VIE_A_006\VIE_A_006_img_22.jpg,.jpg,converted,False,1200,1600,Success
VIE_A_006,data\raw\images\VIE_A_006\VIE_A_006_img_12.HEIC,data\raw\images\VIE_A_006\VIE_A_006_img_23.jpg,.heic,converted,True,1200,1600,Success
VIE_A_006,data\raw\images\VIE_A_006\VIE_A_006_img_12.jpg,data\raw\images\VIE_A_006\VIE_A_006_img_24.jpg,.jpg,converted,False,1200,1600,Success
VIE_A_006,data\raw\images\VIE_A_006\VIE_A_006_img_13.HEIC,data\raw\images\VIE_A_006\VIE_A_006_img_25.jpg,.heic,converted,True,1200,1600,Success
VIE_A_006,data\raw\images\VIE_A_006\VIE_A_006_img_13.jpg,data\raw\images\VIE_A_006\VIE_A_006_img_26.jpg,.jpg,converted,False,1200,1600,Success
VIE_A_006,data\raw\images\VIE_A_006\VIE_A_006_img_14.HEIC,data\raw\images\VIE_A_006\VIE_A_006_img_27.jpg,.heic,converted,True,1200,1600,Success
VIE_A_006,data\raw\images\VIE_A_006\VIE_A_006_img_14.jpg,data\raw\images\VIE_A_006\VIE_A_006_img_28.jpg,.jpg,converted,False,1144,1600,Success
VIE_A_006,data\raw\images\VIE_A_006\VIE_A_006_img_15.HEIC,data\raw\images\VIE_A_006\VIE_A_006_img_29.jpg,.heic,converted,True,1200,1600,Success
VIE_A_006,data\raw\images\VIE_A_006\VIE_A_006_img_15.jpg,data\raw\images\VIE_A_006\VIE_A_006_img_30.jpg,.jpg,converted,False,1200,1600,Success
VIE_A_006,data\raw\images\VIE_A_006\VIE_A_006_img_16.HEIC,data\raw\images\VIE_A_006\VIE_A_006_img_31.jpg,.heic,converted,True,1200,1600,Success
VIE_A_006,data\raw\images\VIE_A_006\VIE_A_006_img_16.jpg,data\raw\images\VIE_A_006\VIE_A_006_img_32.jpg,.jpg,converted,False,1200,1600,Success
VIE_A_006,data\raw\images\VIE_A_006\VIE_A_006_img_17.HEIC,data\raw\images\VIE_A_006\VIE_A_006_img_33.jpg,.heic,converted,True,1200,1600,Success
VIE_A_006,data\raw\images\VIE_A_006\VIE_A_006_img_17.jpg,data\raw\images\VIE_A_006\VIE_A_006_img_34.jpg,.jpg,converted,False,1200,1600,Success
VIE_A_006,data\raw\images\VIE_A_006\VIE_A_006_img_18.HEIC,data\raw\images\VIE_A_006\VIE_A_006_img_35.jpg,.heic,converted,True,1200,1600,Success
VIE_A_006,data\raw\images\VIE_A_006\VIE_A_006_img_18.jpg,data\raw\images\VIE_A_006\VIE_A_006_img_36.jpg,.jpg,converted,False,1200,1600,Success
VIE_A_006,data\raw\images\VIE_A_006\VIE_A_006_img_19.HEIC,data\raw\images\VIE_A_006\VIE_A_006_img_37.jpg,.heic,converted,True,1200,1600,Success
VIE_A_006,data\raw\images\VIE_A_006\VIE_A_006_img_19.jpg,data\raw\images\VIE_A_006\VIE_A_006_img_38.jpg,.jpg,converted,False,1200,1600,Success
VIE_A_006,data\raw\images\VIE_A_006\VIE_A_006_img_20.HEIC,data\raw\images\VIE_A_006\VIE_A_006_img_39.jpg,.heic,converted,True,1200,1600,Success
VIE_A_006,data\raw\images\VIE_A_006\VIE_A_006_img_20.jpg,data\raw\images\VIE_A_006\VIE_A_006_img_40.jpg,.jpg,converted,False,1226,1600,Success
VIE_A_006,data\raw\images\VIE_A_006\VIE_A_006_img_21.HEIC,data\raw\images\VIE_A_006\VIE_A_006_img_41.jpg,.heic,converted,True,1200,1600,Success
VIE_A_006,data\raw\images\VIE_A_006\VIE_A_006_img_21.jpg,data\raw\images\VIE_A_006\VIE_A_006_img_42.jpg,.jpg,converted,False,1200,1600,Success
VIE_A_006,data\raw\images\VIE_A_006\VIE_A_006_img_22.HEIC,data\raw\images\VIE_A_006\VIE_A_006_img_43.jpg,.heic,converted,True,1200,1600,Success
VIE_A_006,data\raw\images\VIE_A_006\VIE_A_006_img_22.jpg,data\raw\images\VIE_A_006\VIE_A_006_img_44.jpg,.jpg,converted,False,1200,1600,Success
VIE_A_006,data\raw\images\VIE_A_006\VIE_A_006_img_23.HEIC,data\raw\images\VIE_A_006\VIE_A_006_img_45.jpg,.heic,converted,True,1200,1600,Success
VIE_A_006,data\raw\images\VIE_A_006\VIE_A_006_img_23.jpg,data\raw\images\VIE_A_006\VIE_A_006_img_46.jpg,.jpg,converted,False,1200,1600,Success
VIE_A_006,data\raw\images\VIE_A_006\VIE_A_006_img_24.HEIC,data\raw\images\VIE_A_006\VIE_A_006_img_47.jpg,.heic,converted,True,1200,1600,Success
VIE_A_006,data\raw\images\VIE_A_006\VIE_A_006_img_24.jpg,data\raw\images\VIE_A_006\VIE_A_006_img_48.jpg,.jpg,converted,False,1200,1600,Success
VIE_A_006,data\raw\images\VIE_A_006\VIE_A_006_img_25.jpg,data\raw\images\VIE_A_006\VIE_A_006_img_49.jpg,.jpg,converted,False,1200,1600,Success
VIE_A_006,data\raw\images\VIE_A_006\VIE_A_006_img_25.png,data\raw\images\VIE_A_006\VIE_A_006_img_50.jpg,.png,converted,False,1156,825,Success
VIE_A_007,data\raw\images\VIE_A_007\VIE_A_007_img_01.HEIC,data\raw\images\VIE_A_007\VIE_A_007_img_01.jpg,.heic,converted,True,1200,1600,Success
VIE_A_007,data\raw\images\VIE_A_007\VIE_A_007_img_01.jpg,data\raw\images\VIE_A_007\VIE_A_007_img_02.jpg,.jpg,converted,False,1200,1600,Success
VIE_A_007,data\raw\images\VIE_A_007\VIE_A_007_img_02.HEIC,data\raw\images\VIE_A_007\VIE_A_007_img_03.jpg,.heic,converted,True,1200,1600,Success
VIE_A_007,data\raw\images\VIE_A_007\VIE_A_007_img_02.jpg,data\raw\images\VIE_A_007\VIE_A_007_img_04.jpg,.jpg,converted,False,1200,1600,Success
VIE_A_007,data\raw\images\VIE_A_007\VIE_A_007_img_03.HEIC,data\raw\images\VIE_A_007\VIE_A_007_img_05.jpg,.heic,converted,True,1200,1600,Success
VIE_A_007,data\raw\images\VIE_A_007\VIE_A_007_img_03.jpg,data\raw\images\VIE_A_007\VIE_A_007_img_06.jpg,.jpg,converted,False,1200,1600,Success
VIE_A_007,data\raw\images\VIE_A_007\VIE_A_007_img_04.HEIC,data\raw\images\VIE_A_007\VIE_A_007_img_07.jpg,.heic,converted,True,1200,1600,Success
VIE_A_007,data\raw\images\VIE_A_007\VIE_A_007_img_04.jpg,data\raw\images\VIE_A_007\VIE_A_007_img_08.jpg,.jpg,converted,False,1200,1600,Success
VIE_A_007,data\raw\images\VIE_A_007\VIE_A_007_img_05.HEIC,data\raw\images\VIE_A_007\VIE_A_007_img_09.jpg,.heic,converted,True,1200,1600,Success
VIE_A_007,data\raw\images\VIE_A_007\VIE_A_007_img_05.jpg,data\raw\images\VIE_A_007\VIE_A_007_img_10.jpg,.jpg,converted,False,1200,1600,Success
VIE_A_007,data\raw\images\VIE_A_007\VIE_A_007_img_06.HEIC,data\raw\images\VIE_A_007\VIE_A_007_img_11.jpg,.heic,converted,True,1200,1600,Success
VIE_A_007,data\raw\images\VIE_A_007\VIE_A_007_img_06.jpg,data\raw\images\VIE_A_007\VIE_A_007_img_12.jpg,.jpg,converted,False,1200,1600,Success
VIE_A_007,data\raw\images\VIE_A_007\VIE_A_007_img_07.HEIC,data\raw\images\VIE_A_007\VIE_A_007_img_13.jpg,.heic,converted,True,1200,1600,Success
VIE_A_007,data\raw\images\VIE_A_007\VIE_A_007_img_07.jpg,data\raw\images\VIE_A_007\VIE_A_007_img_14.jpg,.jpg,converted,False,1200,1600,Success
VIE_A_007,data\raw\images\VIE_A_007\VIE_A_007_img_08.HEIC,data\raw\images\VIE_A_007\VIE_A_007_img_15.jpg,.heic,converted,True,1200,1600,Success
VIE_A_007,data\raw\images\VIE_A_007\VIE_A_007_img_08.jpg,data\raw\images\VIE_A_007\VIE_A_007_img_16.jpg,.jpg,converted,False,1200,1600,Success
VIE_A_007,data\raw\images\VIE_A_007\VIE_A_007_img_09.HEIC,data\raw\images\VIE_A_007\VIE_A_007_img_17.jpg,.heic,converted,True,1200,1600,Success
VIE_A_007,data\raw\images\VIE_A_007\VIE_A_007_img_09.jpg,data\raw\images\VIE_A_007\VIE_A_007_img_18.jpg,.jpg,converted,False,1200,1600,Success
VIE_A_007,data\raw\images\VIE_A_007\VIE_A_007_img_10.jpg,data\raw\images\VIE_A_007\VIE_A_007_img_19.jpg,.jpg,converted,False,1200,1600,Success
VIE_A_007,data\raw\images\VIE_A_007\VIE_A_007_img_10.png,data\raw\images\VIE_A_007\VIE_A_007_img_20.jpg,.png,converted,False,902,818,Success
VIE_A_008,data\raw\images\VIE_A_008\VIE_A_008_img_01.HEIC,data\raw\images\VIE_A_008\VIE_A_008_img_01.jpg,.heic,converted,True,1200,1600,Success
VIE_A_008,data\raw\images\VIE_A_008\VIE_A_008_img_01.jpg,data\raw\images\VIE_A_008\VIE_A_008_img_02.jpg,.jpg,converted,False,1200,1600,Success
VIE_A_008,data\raw\images\VIE_A_008\VIE_A_008_img_02.HEIC,data\raw\images\VIE_A_008\VIE_A_008_img_03.jpg,.heic,converted,True,1200,1600,Success
VIE_A_008,data\raw\images\VIE_A_008\VIE_A_008_img_02.jpg,data\raw\images\VIE_A_008\VIE_A_008_img_04.jpg,.jpg,converted,False,1200,1600,Success
VIE_A_008,data\raw\images\VIE_A_008\VIE_A_008_img_03.HEIC,data\raw\images\VIE_A_008\VIE_A_008_img_05.jpg,.heic,converted,True,1200,1600,Success
VIE_A_008,data\raw\images\VIE_A_008\VIE_A_008_img_03.jpg,data\raw\images\VIE_A_008\VIE_A_008_img_06.jpg,.jpg,converted,False,1200,1600,Success
VIE_A_008,data\raw\images\VIE_A_008\VIE_A_008_img_04.HEIC,data\raw\images\VIE_A_008\VIE_A_008_img_07.jpg,.heic,converted,True,1200,1600,Success
VIE_A_008,data\raw\images\VIE_A_008\VIE_A_008_img_04.jpg,data\raw\images\VIE_A_008\VIE_A_008_img_08.jpg,.jpg,converted,False,1200,1600,Success
VIE_A_008,data\raw\images\VIE_A_008\VIE_A_008_img_05.HEIC,data\raw\images\VIE_A_008\VIE_A_008_img_09.jpg,.heic,converted,True,1200,1600,Success
VIE_A_008,data\raw\images\VIE_A_008\VIE_A_008_img_05.jpg,data\raw\images\VIE_A_008\VIE_A_008_img_10.jpg,.jpg,converted,False,1200,1600,Success
VIE_A_008,data\raw\images\VIE_A_008\VIE_A_008_img_06.HEIC,data\raw\images\VIE_A_008\VIE_A_008_img_11.jpg,.heic,converted,True,1200,1600,Success
VIE_A_008,data\raw\images\VIE_A_008\VIE_A_008_img_06.jpg,data\raw\images\VIE_A_008\VIE_A_008_img_12.jpg,.jpg,converted,False,1200,1600,Success
VIE_A_008,data\raw\images\VIE_A_008\VIE_A_008_img_07.HEIC,data\raw\images\VIE_A_008\VIE_A_008_img_13.jpg,.heic,converted,True,1434,1599,Success
VIE_A_008,data\raw\images\VIE_A_008\VIE_A_008_img_07.jpg,data\raw\images\VIE_A_008\VIE_A_008_img_14.jpg,.jpg,converted,False,1200,1600,Success
VIE_A_008,data\raw\images\VIE_A_008\VIE_A_008_img_08.HEIC,data\raw\images\VIE_A_008\VIE_A_008_img_15.jpg,.heic,converted,True,1200,1600,Success
VIE_A_008,data\raw\images\VIE_A_008\VIE_A_008_img_08.jpg,data\raw\images\VIE_A_008\VIE_A_008_img_16.jpg,.jpg,converted,False,1200,1600,Success
VIE_A_008,data\raw\images\VIE_A_008\VIE_A_008_img_09.HEIC,data\raw\images\VIE_A_008\VIE_A_008_img_17.jpg,.heic,converted,True,1200,1600,Success
VIE_A_008,data\raw\images\VIE_A_008\VIE_A_008_img_09.jpg,data\raw\images\VIE_A_008\VIE_A_008_img_18.jpg,.jpg,converted,False,1200,1600,Success
VIE_A_008,data\raw\images\VIE_A_008\VIE_A_008_img_10.HEIC,data\raw\images\VIE_A_008\VIE_A_008_img_19.jpg,.heic,converted,True,1200,1600,Success
VIE_A_008,data\raw\images\VIE_A_008\VIE_A_008_img_10.jpg,data\raw\images\VIE_A_008\VIE_A_008_img_20.jpg,.jpg,converted,False,1200,1600,Success
VIE_A_008,data\raw\images\VIE_A_008\VIE_A_008_img_11.HEIC,data\raw\images\VIE_A_008\VIE_A_008_img_21.jpg,.heic,converted,True,1200,1600,Success
VIE_A_008,data\raw\images\VIE_A_008\VIE_A_008_img_11.jpg,data\raw\images\VIE_A_008\VIE_A_008_img_22.jpg,.jpg,converted,False,1200,1600,Success
VIE_A_008,data\raw\images\VIE_A_008\VIE_A_008_img_12.HEIC,data\raw\images\VIE_A_008\VIE_A_008_img_23.jpg,.heic,converted,True,1200,1600,Success
VIE_A_008,data\raw\images\VIE_A_008\VIE_A_008_img_12.jpg,data\raw\images\VIE_A_008\VIE_A_008_img_24.jpg,.jpg,converted,False,1200,1600,Success
VIE_A_008,data\raw\images\VIE_A_008\VIE_A_008_img_13.HEIC,data\raw\images\VIE_A_008\VIE_A_008_img_25.jpg,.heic,converted,True,1592,1600,Success
VIE_A_008,data\raw\images\VIE_A_008\VIE_A_008_img_13.jpg,data\raw\images\VIE_A_008\VIE_A_008_img_26.jpg,.jpg,converted,False,1434,1599,Success
VIE_A_008,data\raw\images\VIE_A_008\VIE_A_008_img_14.HEIC,data\raw\images\VIE_A_008\VIE_A_008_img_27.jpg,.heic,converted,True,1200,1600,Success
VIE_A_008,data\raw\images\VIE_A_008\VIE_A_008_img_14.jpg,data\raw\images\VIE_A_008\VIE_A_008_img_28.jpg,.jpg,converted,False,1200,1600,Success
VIE_A_008,data\raw\images\VIE_A_008\VIE_A_008_img_15.HEIC,data\raw\images\VIE_A_008\VIE_A_008_img_29.jpg,.heic,converted,True,1200,1600,Success
VIE_A_008,data\raw\images\VIE_A_008\VIE_A_008_img_15.jpg,data\raw\images\VIE_A_008\VIE_A_008_img_30.jpg,.jpg,converted,False,1200,1600,Success
VIE_A_008,data\raw\images\VIE_A_008\VIE_A_008_img_16.HEIC,data\raw\images\VIE_A_008\VIE_A_008_img_31.jpg,.heic,converted,True,1200,1600,Success
VIE_A_008,data\raw\images\VIE_A_008\VIE_A_008_img_16.jpg,data\raw\images\VIE_A_008\VIE_A_008_img_32.jpg,.jpg,converted,False,1200,1600,Success
VIE_A_008,data\raw\images\VIE_A_008\VIE_A_008_img_17.HEIC,data\raw\images\VIE_A_008\VIE_A_008_img_33.jpg,.heic,converted,True,1200,1600,Success
VIE_A_008,data\raw\images\VIE_A_008\VIE_A_008_img_17.jpg,data\raw\images\VIE_A_008\VIE_A_008_img_34.jpg,.jpg,converted,False,1200,1600,Success
VIE_A_008,data\raw\images\VIE_A_008\VIE_A_008_img_18.HEIC,data\raw\images\VIE_A_008\VIE_A_008_img_35.jpg,.heic,converted,True,1200,1600,Success
VIE_A_008,data\raw\images\VIE_A_008\VIE_A_008_img_18.jpg,data\raw\images\VIE_A_008\VIE_A_008_img_36.jpg,.jpg,converted,False,1200,1600,Success
VIE_A_008,data\raw\images\VIE_A_008\VIE_A_008_img_19.HEIC,data\raw\images\VIE_A_008\VIE_A_008_img_37.jpg,.heic,converted,True,1200,1600,Success
VIE_A_008,data\raw\images\VIE_A_008\VIE_A_008_img_19.jpg,data\raw\images\VIE_A_008\VIE_A_008_img_38.jpg,.jpg,converted,False,1200,1600,Success
VIE_A_008,data\raw\images\VIE_A_008\VIE_A_008_img_20.HEIC,data\raw\images\VIE_A_008\VIE_A_008_img_39.jpg,.heic,converted,True,1200,1600,Success
VIE_A_008,data\raw\images\VIE_A_008\VIE_A_008_img_20.jpg,data\raw\images\VIE_A_008\VIE_A_008_img_40.jpg,.jpg,converted,False,1200,1600,Success
VIE_A_008,data\raw\images\VIE_A_008\VIE_A_008_img_21.HEIC,data\raw\images\VIE_A_008\VIE_A_008_img_41.jpg,.heic,converted,True,1200,1600,Success
VIE_A_008,data\raw\images\VIE_A_008\VIE_A_008_img_21.jpg,data\raw\images\VIE_A_008\VIE_A_008_img_42.jpg,.jpg,converted,False,1200,1600,Success
VIE_A_008,data\raw\images\VIE_A_008\VIE_A_008_img_22.HEIC,data\raw\images\VIE_A_008\VIE_A_008_img_43.jpg,.heic,converted,True,1200,1600,Success
VIE_A_008,data\raw\images\VIE_A_008\VIE_A_008_img_22.jpg,data\raw\images\VIE_A_008\VIE_A_008_img_44.jpg,.jpg,converted,False,1200,1600,Success
VIE_A_008,data\raw\images\VIE_A_008\VIE_A_008_img_23.HEIC,data\raw\images\VIE_A_008\VIE_A_008_img_45.jpg,.heic,converted,True,1200,1600,Success
VIE_A_008,data\raw\images\VIE_A_008\VIE_A_008_img_23.jpg,data\raw\images\VIE_A_008\VIE_A_008_img_46.jpg,.jpg,converted,False,1200,1600,Success
VIE_A_008,data\raw\images\VIE_A_008\VIE_A_008_img_24.HEIC,data\raw\images\VIE_A_008\VIE_A_008_img_47.jpg,.heic,converted,True,1200,1600,Success
VIE_A_008,data\raw\images\VIE_A_008\VIE_A_008_img_24.jpg,data\raw\images\VIE_A_008\VIE_A_008_img_48.jpg,.jpg,converted,False,1200,1600,Success
VIE_A_008,data\raw\images\VIE_A_008\VIE_A_008_img_25.HEIC,data\raw\images\VIE_A_008\VIE_A_008_img_49.jpg,.heic,converted,True,1200,1600,Success
VIE_A_008,data\raw\images\VIE_A_008\VIE_A_008_img_25.jpg,data\raw\images\VIE_A_008\VIE_A_008_img_50.jpg,.jpg,converted,False,1592,1600,Success
VIE_A_008,data\raw\images\VIE_A_008\VIE_A_008_img_26.HEIC,data\raw\images\VIE_A_008\VIE_A_008_img_51.jpg,.heic,converted,True,1200,1600,Success
VIE_A_008,data\raw\images\VIE_A_008\VIE_A_008_img_26.jpg,data\raw\images\VIE_A_008\VIE_A_008_img_52.jpg,.jpg,converted,False,1434,1599,Success
VIE_A_008,data\raw\images\VIE_A_008\VIE_A_008_img_27.HEIC,data\raw\images\VIE_A_008\VIE_A_008_img_53.jpg,.heic,converted,True,1200,1600,Success
VIE_A_008,data\raw\images\VIE_A_008\VIE_A_008_img_27.jpg,data\raw\images\VIE_A_008\VIE_A_008_img_54.jpg,.jpg,converted,False,1200,1600,Success
VIE_A_008,data\raw\images\VIE_A_008\VIE_A_008_img_28.HEIC,data\raw\images\VIE_A_008\VIE_A_008_img_55.jpg,.heic,converted,True,1200,1600,Success
VIE_A_008,data\raw\images\VIE_A_008\VIE_A_008_img_28.jpg,data\raw\images\VIE_A_008\VIE_A_008_img_56.jpg,.jpg,converted,False,1200,1600,Success
VIE_A_008,data\raw\images\VIE_A_008\VIE_A_008_img_29.HEIC,data\raw\images\VIE_A_008\VIE_A_008_img_57.jpg,.heic,converted,True,1200,1600,Success
VIE_A_008,data\raw\images\VIE_A_008\VIE_A_008_img_29.jpg,data\raw\images\VIE_A_008\VIE_A_008_img_58.jpg,.jpg,converted,False,1200,1600,Success
VIE_A_008,data\raw\images\VIE_A_008\VIE_A_008_img_30.HEIC,data\raw\images\VIE_A_008\VIE_A_008_img_59.jpg,.heic,converted,True,1200,1600,Success
VIE_A_008,data\raw\images\VIE_A_008\VIE_A_008_img_30.jpg,data\raw\images\VIE_A_008\VIE_A_008_img_60.jpg,.jpg,converted,False,1200,1600,Success
VIE_A_008,data\raw\images\VIE_A_008\VIE_A_008_img_31.HEIC,data\raw\images\VIE_A_008\VIE_A_008_img_61.jpg,.heic,converted,True,1200,1600,Success
VIE_A_008,data\raw\images\VIE_A_008\VIE_A_008_img_31.jpg,data\raw\images\VIE_A_008\VIE_A_008_img_62.jpg,.jpg,converted,False,1200,1600,Success
VIE_A_009,data\raw\images\VIE_A_009\VIE_A_009_img_01.HEIC,data\raw\images\VIE_A_009\VIE_A_009_img_01.jpg,.heic,converted,True,1200,1600,Success
VIE_A_009,data\raw\images\VIE_A_009\VIE_A_009_img_01.jpg,data\raw\images\VIE_A_009\VIE_A_009_img_02.jpg,.jpg,converted,False,1200,1600,Success
VIE_A_009,data\raw\images\VIE_A_009\VIE_A_009_img_02.HEIC,data\raw\images\VIE_A_009\VIE_A_009_img_03.jpg,.heic,converted,True,1200,1600,Success
VIE_A_009,data\raw\images\VIE_A_009\VIE_A_009_img_02.jpg,data\raw\images\VIE_A_009\VIE_A_009_img_04.jpg,.jpg,converted,False,1200,1600,Success
VIE_A_009,data\raw\images\VIE_A_009\VIE_A_009_img_03.HEIC,data\raw\images\VIE_A_009\VIE_A_009_img_05.jpg,.heic,converted,True,1200,1600,Success
VIE_A_009,data\raw\images\VIE_A_009\VIE_A_009_img_03.jpg,data\raw\images\VIE_A_009\VIE_A_009_img_06.jpg,.jpg,converted,False,1200,1600,Success
VIE_A_009,data\raw\images\VIE_A_009\VIE_A_009_img_04.HEIC,data\raw\images\VIE_A_009\VIE_A_009_img_07.jpg,.heic,converted,True,1200,1600,Success
VIE_A_009,data\raw\images\VIE_A_009\VIE_A_009_img_04.jpg,data\raw\images\VIE_A_009\VIE_A_009_img_08.jpg,.jpg,converted,False,1200,1600,Success
VIE_A_009,data\raw\images\VIE_A_009\VIE_A_009_img_05.HEIC,data\raw\images\VIE_A_009\VIE_A_009_img_09.jpg,.heic,converted,True,1200,1600,Success
VIE_A_009,data\raw\images\VIE_A_009\VIE_A_009_img_05.jpg,data\raw\images\VIE_A_009\VIE_A_009_img_10.jpg,.jpg,converted,False,1200,1600,Success
VIE_A_009,data\raw\images\VIE_A_009\VIE_A_009_img_06.HEIC,data\raw\images\VIE_A_009\VIE_A_009_img_11.jpg,.heic,converted,True,1200,1600,Success
VIE_A_009,data\raw\images\VIE_A_009\VIE_A_009_img_06.jpg,data\raw\images\VIE_A_009\VIE_A_009_img_12.jpg,.jpg,converted,False,1200,1600,Success
VIE_A_009,data\raw\images\VIE_A_009\VIE_A_009_img_07.HEIC,data\raw\images\VIE_A_009\VIE_A_009_img_13.jpg,.heic,converted,True,1200,1600,Success
VIE_A_009,data\raw\images\VIE_A_009\VIE_A_009_img_07.jpg,data\raw\images\VIE_A_009\VIE_A_009_img_14.jpg,.jpg,converted,False,1200,1600,Success
VIE_A_009,data\raw\images\VIE_A_009\VIE_A_009_img_08.HEIC,data\raw\images\VIE_A_009\VIE_A_009_img_15.jpg,.heic,converted,True,1200,1600,Success
VIE_A_009,data\raw\images\VIE_A_009\VIE_A_009_img_08.jpg,data\raw\images\VIE_A_009\VIE_A_009_img_16.jpg,.jpg,converted,False,1200,1600,Success
VIE_A_009,data\raw\images\VIE_A_009\VIE_A_009_img_09.HEIC,data\raw\images\VIE_A_009\VIE_A_009_img_17.jpg,.heic,converted,True,1200,1600,Success
VIE_A_009,data\raw\images\VIE_A_009\VIE_A_009_img_09.jpg,data\raw\images\VIE_A_009\VIE_A_009_img_18.jpg,.jpg,converted,False,1200,1600,Success
VIE_A_009,data\raw\images\VIE_A_009\VIE_A_009_img_10.HEIC,data\raw\images\VIE_A_009\VIE_A_009_img_19.jpg,.heic,converted,True,1200,1600,Success
VIE_A_009,data\raw\images\VIE_A_009\VIE_A_009_img_10.jpg,data\raw\images\VIE_A_009\VIE_A_009_img_20.jpg,.jpg,converted,False,1200,1600,Success
VIE_A_010,data\raw\images\VIE_A_010\VIE_A_010_img_01.HEIC,data\raw\images\VIE_A_010\VIE_A_010_img_01.jpg,.heic,converted,True,1200,1600,Success
VIE_A_010,data\raw\images\VIE_A_010\VIE_A_010_img_01.jpg,data\raw\images\VIE_A_010\VIE_A_010_img_02.jpg,.jpg,converted,False,1200,1600,Success
VIE_A_010,data\raw\images\VIE_A_010\VIE_A_010_img_02.HEIC,data\raw\images\VIE_A_010\VIE_A_010_img_03.jpg,.heic,converted,True,1200,1600,Success
VIE_A_010,data\raw\images\VIE_A_010\VIE_A_010_img_02.jpg,data\raw\images\VIE_A_010\VIE_A_010_img_04.jpg,.jpg,converted,False,1200,1600,Success
VIE_A_010,data\raw\images\VIE_A_010\VIE_A_010_img_03.HEIC,data\raw\images\VIE_A_010\VIE_A_010_img_05.jpg,.heic,converted,True,1200,1600,Success
VIE_A_010,data\raw\images\VIE_A_010\VIE_A_010_img_03.jpg,data\raw\images\VIE_A_010\VIE_A_010_img_06.jpg,.jpg,converted,False,1200,1600,Success
VIE_A_010,data\raw\images\VIE_A_010\VIE_A_010_img_04.HEIC,data\raw\images\VIE_A_010\VIE_A_010_img_07.jpg,.heic,converted,True,1200,1600,Success
VIE_A_010,data\raw\images\VIE_A_010\VIE_A_010_img_04.jpg,data\raw\images\VIE_A_010\VIE_A_010_img_08.jpg,.jpg,converted,False,1200,1600,Success
VIE_A_010,data\raw\images\VIE_A_010\VIE_A_010_img_05.HEIC,data\raw\images\VIE_A_010\VIE_A_010_img_09.jpg,.heic,converted,True,1200,1600,Success
VIE_A_010,data\raw\images\VIE_A_010\VIE_A_010_img_05.jpg,data\raw\images\VIE_A_010\VIE_A_010_img_10.jpg,.jpg,converted,False,1200,1600,Success
VIE_A_010,data\raw\images\VIE_A_010\VIE_A_010_img_06.HEIC,data\raw\images\VIE_A_010\VIE_A_010_img_11.jpg,.heic,converted,True,1200,1600,Success
VIE_A_010,data\raw\images\VIE_A_010\VIE_A_010_img_06.jpg,data\raw\images\VIE_A_010\VIE_A_010_img_12.jpg,.jpg,converted,False,1200,1600,Success
VIE_A_010,data\raw\images\VIE_A_010\VIE_A_010_img_07.HEIC,data\raw\images\VIE_A_010\VIE_A_010_img_13.jpg,.heic,converted,True,1200,1600,Success
VIE_A_010,data\raw\images\VIE_A_010\VIE_A_010_img_07.jpg,data\raw\images\VIE_A_010\VIE_A_010_img_14.jpg,.jpg,converted,False,1200,1600,Success
VIE_A_010,data\raw\images\VIE_A_010\VIE_A_010_img_08.HEIC,data\raw\images\VIE_A_010\VIE_A_010_img_15.jpg,.heic,converted,True,1200,1600,Success
VIE_A_010,data\raw\images\VIE_A_010\VIE_A_010_img_08.jpg,data\raw\images\VIE_A_010\VIE_A_010_img_16.jpg,.jpg,converted,False,1200,1600,Success
VIE_A_010,data\raw\images\VIE_A_010\VIE_A_010_img_09.HEIC,data\raw\images\VIE_A_010\VIE_A_010_img_17.jpg,.heic,converted,True,1200,1600,Success
VIE_A_010,data\raw\images\VIE_A_010\VIE_A_010_img_09.jpg,data\raw\images\VIE_A_010\VIE_A_010_img_18.jpg,.jpg,converted,False,1200,1600,Success
VIE_A_010,data\raw\images\VIE_A_010\VIE_A_010_img_10.HEIC,data\raw\images\VIE_A_010\VIE_A_010_img_19.jpg,.heic,converted,True,1600,1200,Success
VIE_A_010,data\raw\images\VIE_A_010\VIE_A_010_img_10.jpg,data\raw\images\VIE_A_010\VIE_A_010_img_20.jpg,.jpg,converted,False,1200,1600,Success
VIE_A_010,data\raw\images\VIE_A_010\VIE_A_010_img_11.HEIC,data\raw\images\VIE_A_010\VIE_A_010_img_21.jpg,.heic,converted,True,1200,1600,Success
VIE_A_010,data\raw\images\VIE_A_010\VIE_A_010_img_11.jpg,data\raw\images\VIE_A_010\VIE_A_010_img_22.jpg,.jpg,converted,False,1200,1600,Success
VIE_A_010,data\raw\images\VIE_A_010\VIE_A_010_img_12.HEIC,data\raw\images\VIE_A_010\VIE_A_010_img_23.jpg,.heic,converted,True,1200,1600,Success
VIE_A_010,data\raw\images\VIE_A_010\VIE_A_010_img_12.jpg,data\raw\images\VIE_A_010\VIE_A_010_img_24.jpg,.jpg,converted,False,1200,1600,Success
VIE_A_010,data\raw\images\VIE_A_010\VIE_A_010_img_13.HEIC,data\raw\images\VIE_A_010\VIE_A_010_img_25.jpg,.heic,converted,True,1200,1600,Success
VIE_A_010,data\raw\images\VIE_A_010\VIE_A_010_img_13.jpg,data\raw\images\VIE_A_010\VIE_A_010_img_26.jpg,.jpg,converted,False,1200,1600,Success
VIE_A_010,data\raw\images\VIE_A_010\VIE_A_010_img_14.HEIC,data\raw\images\VIE_A_010\VIE_A_010_img_27.jpg,.heic,converted,True,1200,1600,Success
VIE_A_010,data\raw\images\VIE_A_010\VIE_A_010_img_14.jpg,data\raw\images\VIE_A_010\VIE_A_010_img_28.jpg,.jpg,converted,False,1200,1600,Success
VIE_A_010,data\raw\images\VIE_A_010\VIE_A_010_img_15.HEIC,data\raw\images\VIE_A_010\VIE_A_010_img_29.jpg,.heic,converted,True,1200,1600,Success
VIE_A_010,data\raw\images\VIE_A_010\VIE_A_010_img_15.jpg,data\raw\images\VIE_A_010\VIE_A_010_img_30.jpg,.jpg,converted,False,1200,1600,Success
VIE_A_010,data\raw\images\VIE_A_010\VIE_A_010_img_16.HEIC,data\raw\images\VIE_A_010\VIE_A_010_img_31.jpg,.heic,converted,True,1200,1600,Success
VIE_A_010,data\raw\images\VIE_A_010\VIE_A_010_img_16.jpg,data\raw\images\VIE_A_010\VIE_A_010_img_32.jpg,.jpg,converted,False,1200,1600,Success
VIE_A_010,data\raw\images\VIE_A_010\VIE_A_010_img_17.HEIC,data\raw\images\VIE_A_010\VIE_A_010_img_33.jpg,.heic,converted,True,1200,1600,Success
VIE_A_010,data\raw\images\VIE_A_010\VIE_A_010_img_17.jpg,data\raw\images\VIE_A_010\VIE_A_010_img_34.jpg,.jpg,converted,False,1200,1600,Success
VIE_A_010,data\raw\images\VIE_A_010\VIE_A_010_img_18.HEIC,data\raw\images\VIE_A_010\VIE_A_010_img_35.jpg,.heic,converted,True,1200,1600,Success
VIE_A_010,data\raw\images\VIE_A_010\VIE_A_010_img_18.jpg,data\raw\images\VIE_A_010\VIE_A_010_img_36.jpg,.jpg,converted,False,1200,1600,Success
VIE_A_010,data\raw\images\VIE_A_010\VIE_A_010_img_19.HEIC,data\raw\images\VIE_A_010\VIE_A_010_img_37.jpg,.heic,converted,True,1200,1600,Success
VIE_A_010,data\raw\images\VIE_A_010\VIE_A_010_img_19.jpg,data\raw\images\VIE_A_010\VIE_A_010_img_38.jpg,.jpg,converted,False,1600,1200,Success
VIE_A_010,data\raw\images\VIE_A_010\VIE_A_010_img_20.HEIC,data\raw\images\VIE_A_010\VIE_A_010_img_39.jpg,.heic,converted,True,1200,1600,Success
VIE_A_010,data\raw\images\VIE_A_010\VIE_A_010_img_20.jpg,data\raw\images\VIE_A_010\VIE_A_010_img_40.jpg,.jpg,converted,False,1200,1600,Success
VIE_A_010,data\raw\images\VIE_A_010\VIE_A_010_img_21.HEIC,data\raw\images\VIE_A_010\VIE_A_010_img_41.jpg,.heic,converted,True,1200,1600,Success
VIE_A_010,data\raw\images\VIE_A_010\VIE_A_010_img_21.jpg,data\raw\images\VIE_A_010\VIE_A_010_img_42.jpg,.jpg,converted,False,1200,1600,Success
VIE_A_010,data\raw\images\VIE_A_010\VIE_A_010_img_22.HEIC,data\raw\images\VIE_A_010\VIE_A_010_img_43.jpg,.heic,converted,True,1200,1600,Success
VIE_A_010,data\raw\images\VIE_A_010\VIE_A_010_img_22.jpg,data\raw\images\VIE_A_010\VIE_A_010_img_44.jpg,.jpg,converted,False,1200,1600,Success
VIE_A_010,data\raw\images\VIE_A_010\VIE_A_010_img_23.HEIC,data\raw\images\VIE_A_010\VIE_A_010_img_45.jpg,.heic,converted,True,1200,1600,Success
VIE_A_010,data\raw\images\VIE_A_010\VIE_A_010_img_23.jpg,data\raw\images\VIE_A_010\VIE_A_010_img_46.jpg,.jpg,converted,False,1200,1600,Success
VIE_A_010,data\raw\images\VIE_A_010\VIE_A_010_img_24.HEIC,data\raw\images\VIE_A_010\VIE_A_010_img_47.jpg,.heic,converted,True,1200,1600,Success
VIE_A_010,data\raw\images\VIE_A_010\VIE_A_010_img_24.jpg,data\raw\images\VIE_A_010\VIE_A_010_img_48.jpg,.jpg,converted,False,1200,1600,Success
VIE_A_011,data\raw\images\VIE_A_011\VIE_A_011_img_01.HEIC,data\raw\images\VIE_A_011\VIE_A_011_img_01.jpg,.heic,converted,True,1200,1600,Success
VIE_A_011,data\raw\images\VIE_A_011\VIE_A_011_img_01.jpg,data\raw\images\VIE_A_011\VIE_A_011_img_02.jpg,.jpg,converted,False,1200,1600,Success
VIE_A_011,data\raw\images\VIE_A_011\VIE_A_011_img_02.HEIC,data\raw\images\VIE_A_011\VIE_A_011_img_03.jpg,.heic,converted,True,1200,1600,Success
VIE_A_011,data\raw\images\VIE_A_011\VIE_A_011_img_02.jpg,data\raw\images\VIE_A_011\VIE_A_011_img_04.jpg,.jpg,converted,False,1200,1600,Success
VIE_A_011,data\raw\images\VIE_A_011\VIE_A_011_img_03.HEIC,data\raw\images\VIE_A_011\VIE_A_011_img_05.jpg,.heic,converted,True,1200,1600,Success
VIE_A_011,data\raw\images\VIE_A_011\VIE_A_011_img_03.jpg,data\raw\images\VIE_A_011\VIE_A_011_img_06.jpg,.jpg,converted,False,1200,1600,Success
VIE_A_011,data\raw\images\VIE_A_011\VIE_A_011_img_04.HEIC,data\raw\images\VIE_A_011\VIE_A_011_img_07.jpg,.heic,converted,True,1200,1600,Success
VIE_A_011,data\raw\images\VIE_A_011\VIE_A_011_img_04.jpg,data\raw\images\VIE_A_011\VIE_A_011_img_08.jpg,.jpg,converted,False,1200,1600,Success
VIE_A_011,data\raw\images\VIE_A_011\VIE_A_011_img_05.HEIC,data\raw\images\VIE_A_011\VIE_A_011_img_09.jpg,.heic,converted,True,1200,1600,Success
VIE_A_011,data\raw\images\VIE_A_011\VIE_A_011_img_05.jpg,data\raw\images\VIE_A_011\VIE_A_011_img_10.jpg,.jpg,converted,False,1200,1600,Success
VIE_A_011,data\raw\images\VIE_A_011\VIE_A_011_img_06.HEIC,data\raw\images\VIE_A_011\VIE_A_011_img_11.jpg,.heic,converted,True,1200,1600,Success
VIE_A_011,data\raw\images\VIE_A_011\VIE_A_011_img_06.jpg,data\raw\images\VIE_A_011\VIE_A_011_img_12.jpg,.jpg,converted,False,1200,1600,Success
VIE_A_011,data\raw\images\VIE_A_011\VIE_A_011_img_07.HEIC,data\raw\images\VIE_A_011\VIE_A_011_img_13.jpg,.heic,converted,True,1200,1600,Success
VIE_A_011,data\raw\images\VIE_A_011\VIE_A_011_img_07.jpg,data\raw\images\VIE_A_011\VIE_A_011_img_14.jpg,.jpg,converted,False,1200,1600,Success
VIE_A_011,data\raw\images\VIE_A_011\VIE_A_011_img_08.HEIC,data\raw\images\VIE_A_011\VIE_A_011_img_15.jpg,.heic,converted,True,1200,1600,Success
VIE_A_011,data\raw\images\VIE_A_011\VIE_A_011_img_08.jpg,data\raw\images\VIE_A_011\VIE_A_011_img_16.jpg,.jpg,converted,False,1200,1600,Success
VIE_A_011,data\raw\images\VIE_A_011\VIE_A_011_img_09.HEIC,data\raw\images\VIE_A_011\VIE_A_011_img_17.jpg,.heic,converted,True,1200,1600,Success
VIE_A_011,data\raw\images\VIE_A_011\VIE_A_011_img_09.jpg,data\raw\images\VIE_A_011\VIE_A_011_img_18.jpg,.jpg,converted,False,1200,1600,Success
VIE_A_011,data\raw\images\VIE_A_011\VIE_A_011_img_10.HEIC,data\raw\images\VIE_A_011\VIE_A_011_img_19.jpg,.heic,converted,True,1200,1600,Success
VIE_A_011,data\raw\images\VIE_A_011\VIE_A_011_img_10.jpg,data\raw\images\VIE_A_011\VIE_A_011_img_20.jpg,.jpg,converted,False,1200,1600,Success
VIE_A_011,data\raw\images\VIE_A_011\VIE_A_011_img_11.HEIC,data\raw\images\VIE_A_011\VIE_A_011_img_21.jpg,.heic,converted,True,1200,1600,Success
VIE_A_011,data\raw\images\VIE_A_011\VIE_A_011_img_11.jpg,data\raw\images\VIE_A_011\VIE_A_011_img_22.jpg,.jpg,converted,False,1200,1600,Success
VIE_A_011,data\raw\images\VIE_A_011\VIE_A_011_img_12.HEIC,data\raw\images\VIE_A_011\VIE_A_011_img_23.jpg,.heic,converted,True,1200,1600,Success
VIE_A_011,data\raw\images\VIE_A_011\VIE_A_011_img_12.jpg,data\raw\images\VIE_A_011\VIE_A_011_img_24.jpg,.jpg,converted,False,1200,1600,Success
VIE_A_011,data\raw\images\VIE_A_011\VIE_A_011_img_13.HEIC,data\raw\images\VIE_A_011\VIE_A_011_img_25.jpg,.heic,converted,True,1200,1600,Success
VIE_A_011,data\raw\images\VIE_A_011\VIE_A_011_img_13.jpg,data\raw\images\VIE_A_011\VIE_A_011_img_26.jpg,.jpg,converted,False,1200,1600,Success
VIE_A_011,data\raw\images\VIE_A_011\VIE_A_011_img_14.HEIC,data\raw\images\VIE_A_011\VIE_A_011_img_27.jpg,.heic,converted,True,1200,1600,Success
VIE_A_011,data\raw\images\VIE_A_011\VIE_A_011_img_14.jpg,data\raw\images\VIE_A_011\VIE_A_011_img_28.jpg,.jpg,converted,False,1200,1600,Success
VIE_A_011,data\raw\images\VIE_A_011\VIE_A_011_img_15.HEIC,data\raw\images\VIE_A_011\VIE_A_011_img_29.jpg,.heic,converted,True,1200,1600,Success
VIE_A_011,data\raw\images\VIE_A_011\VIE_A_011_img_15.jpg,data\raw\images\VIE_A_011\VIE_A_011_img_30.jpg,.jpg,converted,False,1200,1600,Success
VIE_A_011,data\raw\images\VIE_A_011\VIE_A_011_img_16.HEIC,data\raw\images\VIE_A_011\VIE_A_011_img_31.jpg,.heic,converted,True,1543,1600,Success
VIE_A_011,data\raw\images\VIE_A_011\VIE_A_011_img_16.jpg,data\raw\images\VIE_A_011\VIE_A_011_img_32.jpg,.jpg,converted,False,1200,1600,Success
VIE_A_011,data\raw\images\VIE_A_011\VIE_A_011_img_17.HEIC,data\raw\images\VIE_A_011\VIE_A_011_img_33.jpg,.heic,converted,True,1200,1600,Success
VIE_A_011,data\raw\images\VIE_A_011\VIE_A_011_img_17.jpg,data\raw\images\VIE_A_011\VIE_A_011_img_34.jpg,.jpg,converted,False,1200,1600,Success
VIE_A_011,data\raw\images\VIE_A_011\VIE_A_011_img_18.HEIC,data\raw\images\VIE_A_011\VIE_A_011_img_35.jpg,.heic,converted,True,1200,1600,Success
VIE_A_011,data\raw\images\VIE_A_011\VIE_A_011_img_18.jpg,data\raw\images\VIE_A_011\VIE_A_011_img_36.jpg,.jpg,converted,False,1200,1600,Success
VIE_A_011,data\raw\images\VIE_A_011\VIE_A_011_img_19.HEIC,data\raw\images\VIE_A_011\VIE_A_011_img_37.jpg,.heic,converted,True,1200,1600,Success
VIE_A_011,data\raw\images\VIE_A_011\VIE_A_011_img_19.jpg,data\raw\images\VIE_A_011\VIE_A_011_img_38.jpg,.jpg,converted,False,1200,1600,Success
VIE_A_011,data\raw\images\VIE_A_011\VIE_A_011_img_20.HEIC,data\raw\images\VIE_A_011\VIE_A_011_img_39.jpg,.heic,converted,True,1200,1600,Success
VIE_A_011,data\raw\images\VIE_A_011\VIE_A_011_img_20.jpg,data\raw\images\VIE_A_011\VIE_A_011_img_40.jpg,.jpg,converted,False,1200,1600,Success
VIE_A_011,data\raw\images\VIE_A_011\VIE_A_011_img_21.HEIC,data\raw\images\VIE_A_011\VIE_A_011_img_41.jpg,.heic,converted,True,1200,1600,Success
VIE_A_011,data\raw\images\VIE_A_011\VIE_A_011_img_21.jpg,data\raw\images\VIE_A_011\VIE_A_011_img_42.jpg,.jpg,converted,False,1200,1600,Success
VIE_A_011,data\raw\images\VIE_A_011\VIE_A_011_img_22.HEIC,data\raw\images\VIE_A_011\VIE_A_011_img_43.jpg,.heic,converted,True,1200,1600,Success
VIE_A_011,data\raw\images\VIE_A_011\VIE_A_011_img_22.jpg,data\raw\images\VIE_A_011\VIE_A_011_img_44.jpg,.jpg,converted,False,1200,1600,Success
VIE_A_011,data\raw\images\VIE_A_011\VIE_A_011_img_23.HEIC,data\raw\images\VIE_A_011\VIE_A_011_img_45.jpg,.heic,converted,True,1200,1600,Success
VIE_A_011,data\raw\images\VIE_A_011\VIE_A_011_img_23.jpg,data\raw\images\VIE_A_011\VIE_A_011_img_46.jpg,.jpg,converted,False,1200,1600,Success
VIE_A_011,data\raw\images\VIE_A_011\VIE_A_011_img_24.HEIC,data\raw\images\VIE_A_011\VIE_A_011_img_47.jpg,.heic,converted,True,1200,1600,Success
VIE_A_011,data\raw\images\VIE_A_011\VIE_A_011_img_24.jpg,data\raw\images\VIE_A_011\VIE_A_011_img_48.jpg,.jpg,converted,False,1200,1600,Success
VIE_A_011,data\raw\images\VIE_A_011\VIE_A_011_img_25.HEIC,data\raw\images\VIE_A_011\VIE_A_011_img_49.jpg,.heic,converted,True,1200,1600,Success
VIE_A_011,data\raw\images\VIE_A_011\VIE_A_011_img_25.jpg,data\raw\images\VIE_A_011\VIE_A_011_img_50.jpg,.jpg,converted,False,1200,1600,Success
VIE_A_011,data\raw\images\VIE_A_011\VIE_A_011_img_26.HEIC,data\raw\images\VIE_A_011\VIE_A_011_img_51.jpg,.heic,converted,True,1200,1600,Success
VIE_A_011,data\raw\images\VIE_A_011\VIE_A_011_img_26.jpg,data\raw\images\VIE_A_011\VIE_A_011_img_52.jpg,.jpg,converted,False,1200,1600,Success
VIE_A_011,data\raw\images\VIE_A_011\VIE_A_011_img_27.HEIC,data\raw\images\VIE_A_011\VIE_A_011_img_53.jpg,.heic,converted,True,1200,1600,Success
VIE_A_011,data\raw\images\VIE_A_011\VIE_A_011_img_27.jpg,data\raw\images\VIE_A_011\VIE_A_011_img_54.jpg,.jpg,converted,False,1200,1600,Success
VIE_A_011,data\raw\images\VIE_A_011\VIE_A_011_img_28.HEIC,data\raw\images\VIE_A_011\VIE_A_011_img_55.jpg,.heic,converted,True,1200,1600,Success
VIE_A_011,data\raw\images\VIE_A_011\VIE_A_011_img_28.jpg,data\raw\images\VIE_A_011\VIE_A_011_img_56.jpg,.jpg,converted,False,1200,1600,Success
VIE_A_011,data\raw\images\VIE_A_011\VIE_A_011_img_29.HEIC,data\raw\images\VIE_A_011\VIE_A_011_img_57.jpg,.heic,converted,True,1200,1600,Success
VIE_A_011,data\raw\images\VIE_A_011\VIE_A_011_img_29.jpg,data\raw\images\VIE_A_011\VIE_A_011_img_58.jpg,.jpg,converted,False,1200,1600,Success
VIE_A_011,data\raw\images\VIE_A_011\VIE_A_011_img_30.HEIC,data\raw\images\VIE_A_011\VIE_A_011_img_59.jpg,.heic,converted,True,1200,1600,Success
VIE_A_011,data\raw\images\VIE_A_011\VIE_A_011_img_30.jpg,data\raw\images\VIE_A_011\VIE_A_011_img_60.jpg,.jpg,converted,False,1200,1600,Success
VIE_A_011,data\raw\images\VIE_A_011\VIE_A_011_img_31.HEIC,data\raw\images\VIE_A_011\VIE_A_011_img_61.jpg,.heic,converted,True,1200,1600,Success
VIE_A_011,data\raw\images\VIE_A_011\VIE_A_011_img_31.jpg,data\raw\images\VIE_A_011\VIE_A_011_img_62.jpg,.jpg,converted,False,1543,1600,Success
VIE_A_011,data\raw\images\VIE_A_011\VIE_A_011_img_32.HEIC,data\raw\images\VIE_A_011\VIE_A_011_img_63.jpg,.heic,converted,True,1200,1600,Success
VIE_A_011,data\raw\images\VIE_A_011\VIE_A_011_img_32.jpg,data\raw\images\VIE_A_011\VIE_A_011_img_64.jpg,.jpg,converted,False,1200,1600,Success
VIE_A_011,data\raw\images\VIE_A_011\VIE_A_011_img_33.HEIC,data\raw\images\VIE_A_011\VIE_A_011_img_65.jpg,.heic,converted,True,1200,1600,Success
VIE_A_011,data\raw\images\VIE_A_011\VIE_A_011_img_33.jpg,data\raw\images\VIE_A_011\VIE_A_011_img_66.jpg,.jpg,converted,False,1200,1600,Success
VIE_A_011,data\raw\images\VIE_A_011\VIE_A_011_img_34.HEIC,data\raw\images\VIE_A_011\VIE_A_011_img_67.jpg,.heic,converted,True,1200,1600,Success
VIE_A_011,data\raw\images\VIE_A_011\VIE_A_011_img_34.jpg,data\raw\images\VIE_A_011\VIE_A_011_img_68.jpg,.jpg,converted,False,1200,1600,Success
VIE_A_011,data\raw\images\VIE_A_011\VIE_A_011_img_35.HEIC,data\raw\images\VIE_A_011\VIE_A_011_img_69.jpg,.heic,converted,True,1200,1600,Success
VIE_A_011,data\raw\images\VIE_A_011\VIE_A_011_img_35.jpg,data\raw\images\VIE_A_011\VIE_A_011_img_70.jpg,.jpg,converted,False,1200,1600,Success
VIE_A_011,data\raw\images\VIE_A_011\VIE_A_011_img_36.HEIC,data\raw\images\VIE_A_011\VIE_A_011_img_71.jpg,.heic,converted,True,1200,1600,Success
VIE_A_011,data\raw\images\VIE_A_011\VIE_A_011_img_36.jpg,data\raw\images\VIE_A_011\VIE_A_011_img_72.jpg,.jpg,converted,False,1200,1600,Success
VIE_A_011,data\raw\images\VIE_A_011\VIE_A_011_img_37.HEIC,data\raw\images\VIE_A_011\VIE_A_011_img_73.jpg,.heic,converted,True,1200,1600,Success
VIE_A_011,data\raw\images\VIE_A_011\VIE_A_011_img_37.jpg,data\raw\images\VIE_A_011\VIE_A_011_img_74.jpg,.jpg,converted,False,1200,1600,Success
VIE_A_011,data\raw\images\VIE_A_011\VIE_A_011_img_38.HEIC,data\raw\images\VIE_A_011\VIE_A_011_img_75.jpg,.heic,converted,True,1200,1600,Success
VIE_A_011,data\raw\images\VIE_A_011\VIE_A_011_img_38.jpg,data\raw\images\VIE_A_011\VIE_A_011_img_76.jpg,.jpg,converted,False,1200,1600,Success
VIE_A_011,data\raw\images\VIE_A_011\VIE_A_011_img_39.HEIC,data\raw\images\VIE_A_011\VIE_A_011_img_77.jpg,.heic,converted,True,1200,1600,Success
VIE_A_011,data\raw\images\VIE_A_011\VIE_A_011_img_39.jpg,data\raw\images\VIE_A_011\VIE_A_011_img_78.jpg,.jpg,converted,False,1200,1600,Success
VIE_A_011,data\raw\images\VIE_A_011\VIE_A_011_img_40.HEIC,data\raw\images\VIE_A_011\VIE_A_011_img_79.jpg,.heic,converted,True,1200,1600,Success
VIE_A_011,data\raw\images\VIE_A_011\VIE_A_011_img_40.jpg,data\raw\images\VIE_A_011\VIE_A_011_img_80.jpg,.jpg,converted,False,1200,1600,Success
VIE_A_012,data\raw\images\VIE_A_012\VIE_A_012_img_01.HEIC,data\raw\images\VIE_A_012\VIE_A_012_img_01.jpg,.heic,converted,True,1200,1600,Success
VIE_A_012,data\raw\images\VIE_A_012\VIE_A_012_img_01.jpg,data\raw\images\VIE_A_012\VIE_A_012_img_02.jpg,.jpg,converted,False,1200,1600,Success
VIE_A_012,data\raw\images\VIE_A_012\VIE_A_012_img_02.HEIC,data\raw\images\VIE_A_012\VIE_A_012_img_03.jpg,.heic,converted,True,1200,1600,Success
VIE_A_012,data\raw\images\VIE_A_012\VIE_A_012_img_02.jpg,data\raw\images\VIE_A_012\VIE_A_012_img_04.jpg,.jpg,converted,False,1200,1600,Success
VIE_A_012,data\raw\images\VIE_A_012\VIE_A_012_img_03.HEIC,data\raw\images\VIE_A_012\VIE_A_012_img_05.jpg,.heic,converted,True,1200,1600,Success
VIE_A_012,data\raw\images\VIE_A_012\VIE_A_012_img_03.jpg,data\raw\images\VIE_A_012\VIE_A_012_img_06.jpg,.jpg,converted,False,1200,1600,Success
VIE_A_012,data\raw\images\VIE_A_012\VIE_A_012_img_04.HEIC,data\raw\images\VIE_A_012\VIE_A_012_img_07.jpg,.heic,converted,True,1200,1600,Success
VIE_A_012,data\raw\images\VIE_A_012\VIE_A_012_img_04.jpg,data\raw\images\VIE_A_012\VIE_A_012_img_08.jpg,.jpg,converted,False,1200,1600,Success
VIE_A_012,data\raw\images\VIE_A_012\VIE_A_012_img_05.HEIC,data\raw\images\VIE_A_012\VIE_A_012_img_09.jpg,.heic,converted,True,1200,1600,Success
VIE_A_012,data\raw\images\VIE_A_012\VIE_A_012_img_05.jpg,data\raw\images\VIE_A_012\VIE_A_012_img_10.jpg,.jpg,converted,False,1200,1600,Success
VIE_A_012,data\raw\images\VIE_A_012\VIE_A_012_img_06.HEIC,data\raw\images\VIE_A_012\VIE_A_012_img_11.jpg,.heic,converted,True,1200,1600,Success
VIE_A_012,data\raw\images\VIE_A_012\VIE_A_012_img_06.jpg,data\raw\images\VIE_A_012\VIE_A_012_img_12.jpg,.jpg,converted,False,1200,1600,Success
VIE_A_012,data\raw\images\VIE_A_012\VIE_A_012_img_07.HEIC,data\raw\images\VIE_A_012\VIE_A_012_img_13.jpg,.heic,converted,True,1200,1600,Success
VIE_A_012,data\raw\images\VIE_A_012\VIE_A_012_img_07.jpg,data\raw\images\VIE_A_012\VIE_A_012_img_14.jpg,.jpg,converted,False,1200,1600,Success
VIE_A_012,data\raw\images\VIE_A_012\VIE_A_012_img_08.HEIC,data\raw\images\VIE_A_012\VIE_A_012_img_15.jpg,.heic,converted,True,1200,1600,Success
VIE_A_012,data\raw\images\VIE_A_012\VIE_A_012_img_08.jpg,data\raw\images\VIE_A_012\VIE_A_012_img_16.jpg,.jpg,converted,False,1200,1600,Success
VIE_A_012,data\raw\images\VIE_A_012\VIE_A_012_img_09.HEIC,data\raw\images\VIE_A_012\VIE_A_012_img_17.jpg,.heic,converted,True,1200,1600,Success
VIE_A_012,data\raw\images\VIE_A_012\VIE_A_012_img_09.jpg,data\raw\images\VIE_A_012\VIE_A_012_img_18.jpg,.jpg,converted,False,1200,1600,Success
VIE_A_012,data\raw\images\VIE_A_012\VIE_A_012_img_10.HEIC,data\raw\images\VIE_A_012\VIE_A_012_img_19.jpg,.heic,converted,True,1200,1600,Success
VIE_A_012,data\raw\images\VIE_A_012\VIE_A_012_img_10.jpg,data\raw\images\VIE_A_012\VIE_A_012_img_20.jpg,.jpg,converted,False,1200,1600,Success
VIE_A_012,data\raw\images\VIE_A_012\VIE_A_012_img_11.HEIC,data\raw\images\VIE_A_012\VIE_A_012_img_21.jpg,.heic,converted,True,1200,1600,Success
VIE_A_012,data\raw\images\VIE_A_012\VIE_A_012_img_11.jpg,data\raw\images\VIE_A_012\VIE_A_012_img_22.jpg,.jpg,converted,False,1200,1600,Success
VIE_A_012,data\raw\images\VIE_A_012\VIE_A_012_img_12.HEIC,data\raw\images\VIE_A_012\VIE_A_012_img_23.jpg,.heic,converted,True,1200,1600,Success
VIE_A_012,data\raw\images\VIE_A_012\VIE_A_012_img_12.jpg,data\raw\images\VIE_A_012\VIE_A_012_img_24.jpg,.jpg,converted,False,1200,1600,Success
VIE_A_012,data\raw\images\VIE_A_012\VIE_A_012_img_13.HEIC,data\raw\images\VIE_A_012\VIE_A_012_img_25.jpg,.heic,converted,True,1200,1600,Success
VIE_A_012,data\raw\images\VIE_A_012\VIE_A_012_img_13.jpg,data\raw\images\VIE_A_012\VIE_A_012_img_26.jpg,.jpg,converted,False,1200,1600,Success
VIE_A_012,data\raw\images\VIE_A_012\VIE_A_012_img_14.HEIC,data\raw\images\VIE_A_012\VIE_A_012_img_27.jpg,.heic,converted,True,1200,1600,Success
VIE_A_012,data\raw\images\VIE_A_012\VIE_A_012_img_14.jpg,data\raw\images\VIE_A_012\VIE_A_012_img_28.jpg,.jpg,converted,False,1200,1600,Success
VIE_A_012,data\raw\images\VIE_A_012\VIE_A_012_img_15.HEIC,data\raw\images\VIE_A_012\VIE_A_012_img_29.jpg,.heic,converted,True,1200,1600,Success
VIE_A_012,data\raw\images\VIE_A_012\VIE_A_012_img_15.jpg,data\raw\images\VIE_A_012\VIE_A_012_img_30.jpg,.jpg,converted,False,1200,1600,Success
VIE_A_012,data\raw\images\VIE_A_012\VIE_A_012_img_16.HEIC,data\raw\images\VIE_A_012\VIE_A_012_img_31.jpg,.heic,converted,True,1200,1600,Success
VIE_A_012,data\raw\images\VIE_A_012\VIE_A_012_img_16.jpg,data\raw\images\VIE_A_012\VIE_A_012_img_32.jpg,.jpg,converted,False,1200,1600,Success
VIE_A_012,data\raw\images\VIE_A_012\VIE_A_012_img_17.HEIC,data\raw\images\VIE_A_012\VIE_A_012_img_33.jpg,.heic,converted,True,1200,1600,Success
VIE_A_012,data\raw\images\VIE_A_012\VIE_A_012_img_17.jpg,data\raw\images\VIE_A_012\VIE_A_012_img_34.jpg,.jpg,converted,False,1200,1600,Success
VIE_A_012,data\raw\images\VIE_A_012\VIE_A_012_img_18.HEIC,data\raw\images\VIE_A_012\VIE_A_012_img_35.jpg,.heic,converted,True,1200,1600,Success
VIE_A_012,data\raw\images\VIE_A_012\VIE_A_012_img_18.jpg,data\raw\images\VIE_A_012\VIE_A_012_img_36.jpg,.jpg,converted,False,1200,1600,Success
VIE_A_012,data\raw\images\VIE_A_012\VIE_A_012_img_19.HEIC,data\raw\images\VIE_A_012\VIE_A_012_img_37.jpg,.heic,converted,True,1200,1600,Success
VIE_A_012,data\raw\images\VIE_A_012\VIE_A_012_img_19.jpg,data\raw\images\VIE_A_012\VIE_A_012_img_38.jpg,.jpg,converted,False,1200,1600,Success
VIE_A_013,data\raw\images\VIE_A_013\VIE_A_013_img_01.HEIC,data\raw\images\VIE_A_013\VIE_A_013_img_01.jpg,.heic,converted,True,1200,1600,Success
VIE_A_013,data\raw\images\VIE_A_013\VIE_A_013_img_01.jpg,data\raw\images\VIE_A_013\VIE_A_013_img_02.jpg,.jpg,converted,False,1200,1600,Success
VIE_A_013,data\raw\images\VIE_A_013\VIE_A_013_img_02.HEIC,data\raw\images\VIE_A_013\VIE_A_013_img_03.jpg,.heic,converted,True,1200,1600,Success
VIE_A_013,data\raw\images\VIE_A_013\VIE_A_013_img_02.jpg,data\raw\images\VIE_A_013\VIE_A_013_img_04.jpg,.jpg,converted,False,1200,1600,Success
VIE_A_013,data\raw\images\VIE_A_013\VIE_A_013_img_03.HEIC,data\raw\images\VIE_A_013\VIE_A_013_img_05.jpg,.heic,converted,True,1200,1600,Success
VIE_A_013,data\raw\images\VIE_A_013\VIE_A_013_img_03.jpg,data\raw\images\VIE_A_013\VIE_A_013_img_06.jpg,.jpg,converted,False,1200,1600,Success
VIE_A_013,data\raw\images\VIE_A_013\VIE_A_013_img_04.HEIC,data\raw\images\VIE_A_013\VIE_A_013_img_07.jpg,.heic,converted,True,1200,1600,Success
VIE_A_013,data\raw\images\VIE_A_013\VIE_A_013_img_04.jpg,data\raw\images\VIE_A_013\VIE_A_013_img_08.jpg,.jpg,converted,False,1200,1600,Success
VIE_A_013,data\raw\images\VIE_A_013\VIE_A_013_img_05.HEIC,data\raw\images\VIE_A_013\VIE_A_013_img_09.jpg,.heic,converted,True,1200,1600,Success
VIE_A_013,data\raw\images\VIE_A_013\VIE_A_013_img_05.jpg,data\raw\images\VIE_A_013\VIE_A_013_img_10.jpg,.jpg,converted,False,1200,1600,Success
VIE_A_013,data\raw\images\VIE_A_013\VIE_A_013_img_06.HEIC,data\raw\images\VIE_A_013\VIE_A_013_img_11.jpg,.heic,converted,True,1200,1600,Success
VIE_A_013,data\raw\images\VIE_A_013\VIE_A_013_img_06.jpg,data\raw\images\VIE_A_013\VIE_A_013_img_12.jpg,.jpg,converted,False,1200,1600,Success
VIE_A_013,data\raw\images\VIE_A_013\VIE_A_013_img_07.HEIC,data\raw\images\VIE_A_013\VIE_A_013_img_13.jpg,.heic,converted,True,1200,1600,Success
VIE_A_013,data\raw\images\VIE_A_013\VIE_A_013_img_07.jpg,data\raw\images\VIE_A_013\VIE_A_013_img_14.jpg,.jpg,converted,False,1200,1600,Success
VIE_A_013,data\raw\images\VIE_A_013\VIE_A_013_img_08.HEIC,data\raw\images\VIE_A_013\VIE_A_013_img_15.jpg,.heic,converted,True,1200,1600,Success
VIE_A_013,data\raw\images\VIE_A_013\VIE_A_013_img_08.jpg,data\raw\images\VIE_A_013\VIE_A_013_img_16.jpg,.jpg,converted,False,1200,1600,Success
VIE_A_013,data\raw\images\VIE_A_013\VIE_A_013_img_09.HEIC,data\raw\images\VIE_A_013\VIE_A_013_img_17.jpg,.heic,converted,True,1200,1600,Success
VIE_A_013,data\raw\images\VIE_A_013\VIE_A_013_img_09.jpg,data\raw\images\VIE_A_013\VIE_A_013_img_18.jpg,.jpg,converted,False,1200,1600,Success
VIE_A_013,data\raw\images\VIE_A_013\VIE_A_013_img_10.HEIC,data\raw\images\VIE_A_013\VIE_A_013_img_19.jpg,.heic,converted,True,1200,1600,Success
VIE_A_013,data\raw\images\VIE_A_013\VIE_A_013_img_10.jpg,data\raw\images\VIE_A_013\VIE_A_013_img_20.jpg,.jpg,converted,False,1200,1600,Success
VIE_A_013,data\raw\images\VIE_A_013\VIE_A_013_img_11.HEIC,data\raw\images\VIE_A_013\VIE_A_013_img_21.jpg,.heic,converted,True,1200,1600,Success
VIE_A_013,data\raw\images\VIE_A_013\VIE_A_013_img_11.jpg,data\raw\images\VIE_A_013\VIE_A_013_img_22.jpg,.jpg,converted,False,1200,1600,Success
VIE_A_013,data\raw\images\VIE_A_013\VIE_A_013_img_12.HEIC,data\raw\images\VIE_A_013\VIE_A_013_img_23.jpg,.heic,converted,True,1200,1600,Success
VIE_A_013,data\raw\images\VIE_A_013\VIE_A_013_img_12.jpg,data\raw\images\VIE_A_013\VIE_A_013_img_24.jpg,.jpg,converted,False,1200,1600,Success
VIE_A_013,data\raw\images\VIE_A_013\VIE_A_013_img_13.HEIC,data\raw\images\VIE_A_013\VIE_A_013_img_25.jpg,.heic,converted,True,1200,1600,Success
VIE_A_013,data\raw\images\VIE_A_013\VIE_A_013_img_13.jpg,data\raw\images\VIE_A_013\VIE_A_013_img_26.jpg,.jpg,converted,False,1200,1600,Success
VIE_A_013,data\raw\images\VIE_A_013\VIE_A_013_img_14.HEIC,data\raw\images\VIE_A_013\VIE_A_013_img_27.jpg,.heic,converted,True,1200,1600,Success
VIE_A_013,data\raw\images\VIE_A_013\VIE_A_013_img_14.jpg,data\raw\images\VIE_A_013\VIE_A_013_img_28.jpg,.jpg,converted,False,1200,1600,Success
VIE_A_013,data\raw\images\VIE_A_013\VIE_A_013_img_15.HEIC,data\raw\images\VIE_A_013\VIE_A_013_img_29.jpg,.heic,converted,True,1200,1600,Success
VIE_A_013,data\raw\images\VIE_A_013\VIE_A_013_img_15.jpg,data\raw\images\VIE_A_013\VIE_A_013_img_30.jpg,.jpg,converted,False,1200,1600,Success
VIE_A_014,data\raw\images\VIE_A_014\VIE_A_014_img_01.HEIC,data\raw\images\VIE_A_014\VIE_A_014_img_01.jpg,.heic,converted,True,1200,1600,Success
VIE_A_014,data\raw\images\VIE_A_014\VIE_A_014_img_01.jpg,data\raw\images\VIE_A_014\VIE_A_014_img_02.jpg,.jpg,converted,False,1200,1600,Success
VIE_A_014,data\raw\images\VIE_A_014\VIE_A_014_img_02.HEIC,data\raw\images\VIE_A_014\VIE_A_014_img_03.jpg,.heic,converted,True,1200,1600,Success
VIE_A_014,data\raw\images\VIE_A_014\VIE_A_014_img_02.jpg,data\raw\images\VIE_A_014\VIE_A_014_img_04.jpg,.jpg,converted,False,1200,1600,Success
VIE_A_014,data\raw\images\VIE_A_014\VIE_A_014_img_03.HEIC,data\raw\images\VIE_A_014\VIE_A_014_img_05.jpg,.heic,converted,True,1200,1600,Success
VIE_A_014,data\raw\images\VIE_A_014\VIE_A_014_img_03.jpg,data\raw\images\VIE_A_014\VIE_A_014_img_06.jpg,.jpg,converted,False,1200,1600,Success
VIE_A_014,data\raw\images\VIE_A_014\VIE_A_014_img_04.HEIC,data\raw\images\VIE_A_014\VIE_A_014_img_07.jpg,.heic,converted,True,1200,1600,Success
VIE_A_014,data\raw\images\VIE_A_014\VIE_A_014_img_04.jpg,data\raw\images\VIE_A_014\VIE_A_014_img_08.jpg,.jpg,converted,False,1200,1600,Success
VIE_A_014,data\raw\images\VIE_A_014\VIE_A_014_img_05.HEIC,data\raw\images\VIE_A_014\VIE_A_014_img_09.jpg,.heic,converted,True,1200,1600,Success
VIE_A_014,data\raw\images\VIE_A_014\VIE_A_014_img_05.jpg,data\raw\images\VIE_A_014\VIE_A_014_img_10.jpg,.jpg,converted,False,1200,1600,Success
VIE_A_014,data\raw\images\VIE_A_014\VIE_A_014_img_06.HEIC,data\raw\images\VIE_A_014\VIE_A_014_img_11.jpg,.heic,converted,True,1200,1600,Success
VIE_A_014,data\raw\images\VIE_A_014\VIE_A_014_img_06.jpg,data\raw\images\VIE_A_014\VIE_A_014_img_12.jpg,.jpg,converted,False,1200,1600,Success
VIE_A_014,data\raw\images\VIE_A_014\VIE_A_014_img_07.HEIC,data\raw\images\VIE_A_014\VIE_A_014_img_13.jpg,.heic,converted,True,1200,1600,Success
VIE_A_014,data\raw\images\VIE_A_014\VIE_A_014_img_07.jpg,data\raw\images\VIE_A_014\VIE_A_014_img_14.jpg,.jpg,converted,False,1200,1600,Success
VIE_A_014,data\raw\images\VIE_A_014\VIE_A_014_img_08.HEIC,data\raw\images\VIE_A_014\VIE_A_014_img_15.jpg,.heic,converted,True,1200,1600,Success
VIE_A_014,data\raw\images\VIE_A_014\VIE_A_014_img_08.jpg,data\raw\images\VIE_A_014\VIE_A_014_img_16.jpg,.jpg,converted,False,1200,1600,Success
VIE_A_014,data\raw\images\VIE_A_014\VIE_A_014_img_09.HEIC,data\raw\images\VIE_A_014\VIE_A_014_img_17.jpg,.heic,converted,True,1200,1600,Success
VIE_A_014,data\raw\images\VIE_A_014\VIE_A_014_img_09.jpg,data\raw\images\VIE_A_014\VIE_A_014_img_18.jpg,.jpg,converted,False,1200,1600,Success
VIE_A_014,data\raw\images\VIE_A_014\VIE_A_014_img_10.HEIC,data\raw\images\VIE_A_014\VIE_A_014_img_19.jpg,.heic,converted,True,1200,1600,Success
VIE_A_014,data\raw\images\VIE_A_014\VIE_A_014_img_10.jpg,data\raw\images\VIE_A_014\VIE_A_014_img_20.jpg,.jpg,converted,False,1200,1600,Success
VIE_A_014,data\raw\images\VIE_A_014\VIE_A_014_img_11.HEIC,data\raw\images\VIE_A_014\VIE_A_014_img_21.jpg,.heic,converted,True,1200,1600,Success
VIE_A_014,data\raw\images\VIE_A_014\VIE_A_014_img_11.jpg,data\raw\images\VIE_A_014\VIE_A_014_img_22.jpg,.jpg,converted,False,1200,1600,Success
VIE_A_014,data\raw\images\VIE_A_014\VIE_A_014_img_12.HEIC,data\raw\images\VIE_A_014\VIE_A_014_img_23.jpg,.heic,converted,True,1200,1600,Success
VIE_A_014,data\raw\images\VIE_A_014\VIE_A_014_img_12.jpg,data\raw\images\VIE_A_014\VIE_A_014_img_24.jpg,.jpg,converted,False,1200,1600,Success
VIE_A_014,data\raw\images\VIE_A_014\VIE_A_014_img_13.HEIC,data\raw\images\VIE_A_014\VIE_A_014_img_25.jpg,.heic,converted,True,1200,1600,Success
VIE_A_014,data\raw\images\VIE_A_014\VIE_A_014_img_13.jpg,data\raw\images\VIE_A_014\VIE_A_014_img_26.jpg,.jpg,converted,False,1200,1600,Success
VIE_A_014,data\raw\images\VIE_A_014\VIE_A_014_img_14.HEIC,data\raw\images\VIE_A_014\VIE_A_014_img_27.jpg,.heic,converted,True,1200,1600,Success
VIE_A_014,data\raw\images\VIE_A_014\VIE_A_014_img_14.jpg,data\raw\images\VIE_A_014\VIE_A_014_img_28.jpg,.jpg,converted,False,1200,1600,Success
VIE_A_014,data\raw\images\VIE_A_014\VIE_A_014_img_15.HEIC,data\raw\images\VIE_A_014\VIE_A_014_img_29.jpg,.heic,converted,True,1200,1600,Success
VIE_A_014,data\raw\images\VIE_A_014\VIE_A_014_img_15.jpg,data\raw\images\VIE_A_014\VIE_A_014_img_30.jpg,.jpg,converted,False,1200,1600,Success
VIE_A_014,data\raw\images\VIE_A_014\VIE_A_014_img_16.HEIC,data\raw\images\VIE_A_014\VIE_A_014_img_31.jpg,.heic,converted,True,1200,1600,Success
VIE_A_014,data\raw\images\VIE_A_014\VIE_A_014_img_16.jpg,data\raw\images\VIE_A_014\VIE_A_014_img_32.jpg,.jpg,converted,False,1200,1600,Success
VIE_A_014,data\raw\images\VIE_A_014\VIE_A_014_img_17.HEIC,data\raw\images\VIE_A_014\VIE_A_014_img_33.jpg,.heic,converted,True,1200,1600,Success
VIE_A_014,data\raw\images\VIE_A_014\VIE_A_014_img_17.jpg,data\raw\images\VIE_A_014\VIE_A_014_img_34.jpg,.jpg,converted,False,1200,1600,Success
VIE_A_014,data\raw\images\VIE_A_014\VIE_A_014_img_18.HEIC,data\raw\images\VIE_A_014\VIE_A_014_img_35.jpg,.heic,converted,True,1200,1600,Success
VIE_A_014,data\raw\images\VIE_A_014\VIE_A_014_img_18.jpg,data\raw\images\VIE_A_014\VIE_A_014_img_36.jpg,.jpg,converted,False,1200,1600,Success
VIE_A_014,data\raw\images\VIE_A_014\VIE_A_014_img_19.HEIC,data\raw\images\VIE_A_014\VIE_A_014_img_37.jpg,.heic,converted,True,1200,1600,Success
VIE_A_014,data\raw\images\VIE_A_014\VIE_A_014_img_19.jpg,data\raw\images\VIE_A_014\VIE_A_014_img_38.jpg,.jpg,converted,False,1200,1600,Success
VIE_A_014,data\raw\images\VIE_A_014\VIE_A_014_img_20.HEIC,data\raw\images\VIE_A_014\VIE_A_014_img_39.jpg,.heic,converted,True,1200,1600,Success
VIE_A_014,data\raw\images\VIE_A_014\VIE_A_014_img_20.jpg,data\raw\images\VIE_A_014\VIE_A_014_img_40.jpg,.jpg,converted,False,1200,1600,Success
VIE_A_014,data\raw\images\VIE_A_014\VIE_A_014_img_21.HEIC,data\raw\images\VIE_A_014\VIE_A_014_img_41.jpg,.heic,converted,True,1200,1600,Success
VIE_A_014,data\raw\images\VIE_A_014\VIE_A_014_img_21.jpg,data\raw\images\VIE_A_014\VIE_A_014_img_42.jpg,.jpg,converted,False,1200,1600,Success
VIE_A_014,data\raw\images\VIE_A_014\VIE_A_014_img_22.HEIC,data\raw\images\VIE_A_014\VIE_A_014_img_43.jpg,.heic,converted,True,1200,1600,Success
VIE_A_014,data\raw\images\VIE_A_014\VIE_A_014_img_22.jpg,data\raw\images\VIE_A_014\VIE_A_014_img_44.jpg,.jpg,converted,False,1200,1600,Success
VIE_A_014,data\raw\images\VIE_A_014\VIE_A_014_img_23.HEIC,data\raw\images\VIE_A_014\VIE_A_014_img_45.jpg,.heic,converted,True,1200,1600,Success
VIE_A_014,data\raw\images\VIE_A_014\VIE_A_014_img_23.jpg,data\raw\images\VIE_A_014\VIE_A_014_img_46.jpg,.jpg,converted,False,1200,1600,Success
VIE_A_014,data\raw\images\VIE_A_014\VIE_A_014_img_24.HEIC,data\raw\images\VIE_A_014\VIE_A_014_img_47.jpg,.heic,converted,True,1200,1600,Success
VIE_A_014,data\raw\images\VIE_A_014\VIE_A_014_img_24.jpg,data\raw\images\VIE_A_014\VIE_A_014_img_48.jpg,.jpg,converted,False,1200,1600,Success
VIE_A_014,data\raw\images\VIE_A_014\VIE_A_014_img_25.HEIC,data\raw\images\VIE_A_014\VIE_A_014_img_49.jpg,.heic,converted,True,1200,1600,Success
VIE_A_014,data\raw\images\VIE_A_014\VIE_A_014_img_25.jpg,data\raw\images\VIE_A_014\VIE_A_014_img_50.jpg,.jpg,converted,False,1200,1600,Success
VIE_A_014,data\raw\images\VIE_A_014\VIE_A_014_img_26.HEIC,data\raw\images\VIE_A_014\VIE_A_014_img_51.jpg,.heic,converted,True,1200,1600,Success
VIE_A_014,data\raw\images\VIE_A_014\VIE_A_014_img_26.jpg,data\raw\images\VIE_A_014\VIE_A_014_img_52.jpg,.jpg,converted,False,1200,1600,Success
VIE_A_014,data\raw\images\VIE_A_014\VIE_A_014_img_27.HEIC,data\raw\images\VIE_A_014\VIE_A_014_img_53.jpg,.heic,converted,True,1200,1600,Success
VIE_A_014,data\raw\images\VIE_A_014\VIE_A_014_img_27.jpg,data\raw\images\VIE_A_014\VIE_A_014_img_54.jpg,.jpg,converted,False,1200,1600,Success
VIE_A_014,data\raw\images\VIE_A_014\VIE_A_014_img_28.HEIC,data\raw\images\VIE_A_014\VIE_A_014_img_55.jpg,.heic,converted,True,1200,1600,Success
VIE_A_014,data\raw\images\VIE_A_014\VIE_A_014_img_28.jpg,data\raw\images\VIE_A_014\VIE_A_014_img_56.jpg,.jpg,converted,False,1200,1600,Success
VIE_A_014,data\raw\images\VIE_A_014\VIE_A_014_img_29.HEIC,data\raw\images\VIE_A_014\VIE_A_014_img_57.jpg,.heic,converted,True,1199,1600,Success
VIE_A_014,data\raw\images\VIE_A_014\VIE_A_014_img_29.jpg,data\raw\images\VIE_A_014\VIE_A_014_img_58.jpg,.jpg,converted,False,1200,1600,Success
VIE_A_014,data\raw\images\VIE_A_014\VIE_A_014_img_30.HEIC,data\raw\images\VIE_A_014\VIE_A_014_img_59.jpg,.heic,converted,True,1200,1600,Success
VIE_A_014,data\raw\images\VIE_A_014\VIE_A_014_img_30.jpg,data\raw\images\VIE_A_014\VIE_A_014_img_60.jpg,.jpg,converted,False,1200,1600,Success
VIE_A_014,data\raw\images\VIE_A_014\VIE_A_014_img_31.HEIC,data\raw\images\VIE_A_014\VIE_A_014_img_61.jpg,.heic,converted,True,1600,1200,Success
VIE_A_014,data\raw\images\VIE_A_014\VIE_A_014_img_31.jpg,data\raw\images\VIE_A_014\VIE_A_014_img_62.jpg,.jpg,converted,False,1200,1600,Success
VIE_A_014,data\raw\images\VIE_A_014\VIE_A_014_img_32.HEIC,data\raw\images\VIE_A_014\VIE_A_014_img_63.jpg,.heic,converted,True,1200,1600,Success
VIE_A_014,data\raw\images\VIE_A_014\VIE_A_014_img_32.jpg,data\raw\images\VIE_A_014\VIE_A_014_img_64.jpg,.jpg,converted,False,1200,1600,Success
VIE_A_014,data\raw\images\VIE_A_014\VIE_A_014_img_33.HEIC,data\raw\images\VIE_A_014\VIE_A_014_img_65.jpg,.heic,converted,True,1200,1600,Success
VIE_A_014,data\raw\images\VIE_A_014\VIE_A_014_img_33.jpg,data\raw\images\VIE_A_014\VIE_A_014_img_66.jpg,.jpg,converted,False,1200,1600,Success
VIE_A_014,data\raw\images\VIE_A_014\VIE_A_014_img_34.HEIC,data\raw\images\VIE_A_014\VIE_A_014_img_67.jpg,.heic,converted,True,1200,1600,Success
VIE_A_014,data\raw\images\VIE_A_014\VIE_A_014_img_34.jpg,data\raw\images\VIE_A_014\VIE_A_014_img_68.jpg,.jpg,converted,False,1200,1600,Success
VIE_A_014,data\raw\images\VIE_A_014\VIE_A_014_img_35.HEIC,data\raw\images\VIE_A_014\VIE_A_014_img_69.jpg,.heic,converted,True,1200,1600,Success
VIE_A_014,data\raw\images\VIE_A_014\VIE_A_014_img_35.jpg,data\raw\images\VIE_A_014\VIE_A_014_img_70.jpg,.jpg,converted,False,1200,1600,Success
VIE_A_014,data\raw\images\VIE_A_014\VIE_A_014_img_36.HEIC,data\raw\images\VIE_A_014\VIE_A_014_img_71.jpg,.heic,converted,True,1200,1600,Success
VIE_A_014,data\raw\images\VIE_A_014\VIE_A_014_img_36.jpg,data\raw\images\VIE_A_014\VIE_A_014_img_72.jpg,.jpg,converted,False,1200,1600,Success
VIE_A_014,data\raw\images\VIE_A_014\VIE_A_014_img_37.HEIC,data\raw\images\VIE_A_014\VIE_A_014_img_73.jpg,.heic,converted,True,1200,1600,Success
VIE_A_014,data\raw\images\VIE_A_014\VIE_A_014_img_37.jpg,data\raw\images\VIE_A_014\VIE_A_014_img_74.jpg,.jpg,converted,False,1200,1600,Success
VIE_A_015,data\raw\images\VIE_A_015\VIE_A_015_img_01.HEIC,data\raw\images\VIE_A_015\VIE_A_015_img_01.jpg,.heic,converted,True,1200,1600,Success
VIE_A_015,data\raw\images\VIE_A_015\VIE_A_015_img_01.jpg,data\raw\images\VIE_A_015\VIE_A_015_img_02.jpg,.jpg,converted,False,1200,1600,Success
VIE_A_015,data\raw\images\VIE_A_015\VIE_A_015_img_02.HEIC,data\raw\images\VIE_A_015\VIE_A_015_img_03.jpg,.heic,converted,True,1200,1600,Success
VIE_A_015,data\raw\images\VIE_A_015\VIE_A_015_img_02.jpg,data\raw\images\VIE_A_015\VIE_A_015_img_04.jpg,.jpg,converted,False,1200,1600,Success
VIE_A_015,data\raw\images\VIE_A_015\VIE_A_015_img_03.HEIC,data\raw\images\VIE_A_015\VIE_A_015_img_05.jpg,.heic,converted,True,1200,1600,Success
VIE_A_015,data\raw\images\VIE_A_015\VIE_A_015_img_03.jpg,data\raw\images\VIE_A_015\VIE_A_015_img_06.jpg,.jpg,converted,False,1200,1600,Success
VIE_A_015,data\raw\images\VIE_A_015\VIE_A_015_img_04.HEIC,data\raw\images\VIE_A_015\VIE_A_015_img_07.jpg,.heic,converted,True,1200,1600,Success
VIE_A_015,data\raw\images\VIE_A_015\VIE_A_015_img_04.jpg,data\raw\images\VIE_A_015\VIE_A_015_img_08.jpg,.jpg,converted,False,1200,1600,Success
VIE_A_015,data\raw\images\VIE_A_015\VIE_A_015_img_05.HEIC,data\raw\images\VIE_A_015\VIE_A_015_img_09.jpg,.heic,converted,True,1200,1600,Success
VIE_A_015,data\raw\images\VIE_A_015\VIE_A_015_img_05.jpg,data\raw\images\VIE_A_015\VIE_A_015_img_10.jpg,.jpg,converted,False,1200,1600,Success
VIE_A_015,data\raw\images\VIE_A_015\VIE_A_015_img_06.HEIC,data\raw\images\VIE_A_015\VIE_A_015_img_11.jpg,.heic,converted,True,1200,1600,Success
VIE_A_015,data\raw\images\VIE_A_015\VIE_A_015_img_06.jpg,data\raw\images\VIE_A_015\VIE_A_015_img_12.jpg,.jpg,converted,False,1200,1600,Success
VIE_A_015,data\raw\images\VIE_A_015\VIE_A_015_img_07.HEIC,data\raw\images\VIE_A_015\VIE_A_015_img_13.jpg,.heic,converted,True,1200,1600,Success
VIE_A_015,data\raw\images\VIE_A_015\VIE_A_015_img_07.jpg,data\raw\images\VIE_A_015\VIE_A_015_img_14.jpg,.jpg,converted,False,1200,1600,Success
VIE_A_015,data\raw\images\VIE_A_015\VIE_A_015_img_08.HEIC,data\raw\images\VIE_A_015\VIE_A_015_img_15.jpg,.heic,converted,True,1200,1600,Success
VIE_A_015,data\raw\images\VIE_A_015\VIE_A_015_img_08.jpg,data\raw\images\VIE_A_015\VIE_A_015_img_16.jpg,.jpg,converted,False,1200,1600,Success
VIE_A_015,data\raw\images\VIE_A_015\VIE_A_015_img_09.HEIC,data\raw\images\VIE_A_015\VIE_A_015_img_17.jpg,.heic,converted,True,1200,1600,Success
VIE_A_015,data\raw\images\VIE_A_015\VIE_A_015_img_09.jpg,data\raw\images\VIE_A_015\VIE_A_015_img_18.jpg,.jpg,converted,False,1200,1600,Success
VIE_A_015,data\raw\images\VIE_A_015\VIE_A_015_img_10.HEIC,data\raw\images\VIE_A_015\VIE_A_015_img_19.jpg,.heic,converted,True,1200,1600,Success
VIE_A_015,data\raw\images\VIE_A_015\VIE_A_015_img_10.jpg,data\raw\images\VIE_A_015\VIE_A_015_img_20.jpg,.jpg,converted,False,1200,1600,Success
VIE_A_015,data\raw\images\VIE_A_015\VIE_A_015_img_11.HEIC,data\raw\images\VIE_A_015\VIE_A_015_img_21.jpg,.heic,converted,True,1200,1600,Success
VIE_A_015,data\raw\images\VIE_A_015\VIE_A_015_img_11.jpg,data\raw\images\VIE_A_015\VIE_A_015_img_22.jpg,.jpg,converted,False,1200,1600,Success
VIE_A_015,data\raw\images\VIE_A_015\VIE_A_015_img_12.HEIC,data\raw\images\VIE_A_015\VIE_A_015_img_23.jpg,.heic,converted,True,1200,1600,Success
VIE_A_015,data\raw\images\VIE_A_015\VIE_A_015_img_12.jpg,data\raw\images\VIE_A_015\VIE_A_015_img_24.jpg,.jpg,converted,False,1200,1600,Success
VIE_A_016,data\raw\images\VIE_A_016\VIE_A_016_img_01.HEIC,data\raw\images\VIE_A_016\VIE_A_016_img_01.jpg,.heic,converted,True,1200,1600,Success
VIE_A_016,data\raw\images\VIE_A_016\VIE_A_016_img_01.jpg,data\raw\images\VIE_A_016\VIE_A_016_img_02.jpg,.jpg,converted,False,1200,1600,Success
VIE_A_016,data\raw\images\VIE_A_016\VIE_A_016_img_02.HEIC,data\raw\images\VIE_A_016\VIE_A_016_img_03.jpg,.heic,converted,True,1200,1600,Success
VIE_A_016,data\raw\images\VIE_A_016\VIE_A_016_img_02.jpg,data\raw\images\VIE_A_016\VIE_A_016_img_04.jpg,.jpg,converted,False,1200,1600,Success
VIE_A_016,data\raw\images\VIE_A_016\VIE_A_016_img_03.HEIC,data\raw\images\VIE_A_016\VIE_A_016_img_05.jpg,.heic,converted,True,1200,1600,Success
VIE_A_016,data\raw\images\VIE_A_016\VIE_A_016_img_03.jpg,data\raw\images\VIE_A_016\VIE_A_016_img_06.jpg,.jpg,converted,False,1200,1600,Success
VIE_A_016,data\raw\images\VIE_A_016\VIE_A_016_img_04.HEIC,data\raw\images\VIE_A_016\VIE_A_016_img_07.jpg,.heic,converted,True,1200,1600,Success
VIE_A_016,data\raw\images\VIE_A_016\VIE_A_016_img_04.jpg,data\raw\images\VIE_A_016\VIE_A_016_img_08.jpg,.jpg,converted,False,1200,1600,Success
VIE_A_016,data\raw\images\VIE_A_016\VIE_A_016_img_05.HEIC,data\raw\images\VIE_A_016\VIE_A_016_img_09.jpg,.heic,converted,True,1200,1600,Success
VIE_A_016,data\raw\images\VIE_A_016\VIE_A_016_img_05.jpg,data\raw\images\VIE_A_016\VIE_A_016_img_10.jpg,.jpg,converted,False,1200,1600,Success
VIE_A_016,data\raw\images\VIE_A_016\VIE_A_016_img_06.HEIC,data\raw\images\VIE_A_016\VIE_A_016_img_11.jpg,.heic,converted,True,1200,1600,Success
VIE_A_016,data\raw\images\VIE_A_016\VIE_A_016_img_06.jpg,data\raw\images\VIE_A_016\VIE_A_016_img_12.jpg,.jpg,converted,False,1200,1600,Success
VIE_A_016,data\raw\images\VIE_A_016\VIE_A_016_img_07.HEIC,data\raw\images\VIE_A_016\VIE_A_016_img_13.jpg,.heic,converted,True,1200,1600,Success
VIE_A_016,data\raw\images\VIE_A_016\VIE_A_016_img_07.jpg,data\raw\images\VIE_A_016\VIE_A_016_img_14.jpg,.jpg,converted,False,1200,1600,Success
VIE_A_016,data\raw\images\VIE_A_016\VIE_A_016_img_08.HEIC,data\raw\images\VIE_A_016\VIE_A_016_img_15.jpg,.heic,converted,True,1200,1600,Success
VIE_A_016,data\raw\images\VIE_A_016\VIE_A_016_img_08.jpg,data\raw\images\VIE_A_016\VIE_A_016_img_16.jpg,.jpg,converted,False,1200,1600,Success
VIE_A_016,data\raw\images\VIE_A_016\VIE_A_016_img_09.HEIC,data\raw\images\VIE_A_016\VIE_A_016_img_17.jpg,.heic,converted,True,1200,1600,Success
VIE_A_016,data\raw\images\VIE_A_016\VIE_A_016_img_09.jpg,data\raw\images\VIE_A_016\VIE_A_016_img_18.jpg,.jpg,converted,False,1200,1600,Success
VIE_A_016,data\raw\images\VIE_A_016\VIE_A_016_img_10.HEIC,data\raw\images\VIE_A_016\VIE_A_016_img_19.jpg,.heic,converted,True,1200,1600,Success
VIE_A_016,data\raw\images\VIE_A_016\VIE_A_016_img_10.jpg,data\raw\images\VIE_A_016\VIE_A_016_img_20.jpg,.jpg,converted,False,1200,1600,Success
VIE_A_016,data\raw\images\VIE_A_016\VIE_A_016_img_11.HEIC,data\raw\images\VIE_A_016\VIE_A_016_img_21.jpg,.heic,converted,True,1200,1600,Success
VIE_A_016,data\raw\images\VIE_A_016\VIE_A_016_img_11.jpg,data\raw\images\VIE_A_016\VIE_A_016_img_22.jpg,.jpg,converted,False,1200,1600,Success
VIE_A_016,data\raw\images\VIE_A_016\VIE_A_016_img_12.HEIC,data\raw\images\VIE_A_016\VIE_A_016_img_23.jpg,.heic,converted,True,1200,1600,Success
VIE_A_016,data\raw\images\VIE_A_016\VIE_A_016_img_12.jpg,data\raw\images\VIE_A_016\VIE_A_016_img_24.jpg,.jpg,converted,False,1200,1600,Success
VIE_A_016,data\raw\images\VIE_A_016\VIE_A_016_img_13.HEIC,data\raw\images\VIE_A_016\VIE_A_016_img_25.jpg,.heic,converted,True,1200,1600,Success
VIE_A_016,data\raw\images\VIE_A_016\VIE_A_016_img_13.jpg,data\raw\images\VIE_A_016\VIE_A_016_img_26.jpg,.jpg,converted,False,1200,1600,Success
VIE_A_016,data\raw\images\VIE_A_016\VIE_A_016_img_14.HEIC,data\raw\images\VIE_A_016\VIE_A_016_img_27.jpg,.heic,converted,True,1200,1600,Success
VIE_A_016,data\raw\images\VIE_A_016\VIE_A_016_img_14.jpg,data\raw\images\VIE_A_016\VIE_A_016_img_28.jpg,.jpg,converted,False,1200,1600,Success
VIE_A_016,data\raw\images\VIE_A_016\VIE_A_016_img_15.HEIC,data\raw\images\VIE_A_016\VIE_A_016_img_29.jpg,.heic,converted,True,1200,1600,Success
VIE_A_016,data\raw\images\VIE_A_016\VIE_A_016_img_15.jpg,data\raw\images\VIE_A_016\VIE_A_016_img_30.jpg,.jpg,converted,False,1200,1600,Success
VIE_A_016,data\raw\images\VIE_A_016\VIE_A_016_img_16.HEIC,data\raw\images\VIE_A_016\VIE_A_016_img_31.jpg,.heic,converted,True,1200,1600,Success
VIE_A_016,data\raw\images\VIE_A_016\VIE_A_016_img_16.jpg,data\raw\images\VIE_A_016\VIE_A_016_img_32.jpg,.jpg,converted,False,1200,1600,Success
VIE_A_016,data\raw\images\VIE_A_016\VIE_A_016_img_17.HEIC,data\raw\images\VIE_A_016\VIE_A_016_img_33.jpg,.heic,converted,True,1200,1600,Success
VIE_A_016,data\raw\images\VIE_A_016\VIE_A_016_img_17.jpg,data\raw\images\VIE_A_016\VIE_A_016_img_34.jpg,.jpg,converted,False,1200,1600,Success
VIE_A_016,data\raw\images\VIE_A_016\VIE_A_016_img_18.HEIC,data\raw\images\VIE_A_016\VIE_A_016_img_35.jpg,.heic,converted,True,1200,1600,Success
VIE_A_016,data\raw\images\VIE_A_016\VIE_A_016_img_18.jpg,data\raw\images\VIE_A_016\VIE_A_016_img_36.jpg,.jpg,converted,False,1200,1600,Success
VIE_A_016,data\raw\images\VIE_A_016\VIE_A_016_img_19.HEIC,data\raw\images\VIE_A_016\VIE_A_016_img_37.jpg,.heic,converted,True,1200,1600,Success
VIE_A_016,data\raw\images\VIE_A_016\VIE_A_016_img_19.jpg,data\raw\images\VIE_A_016\VIE_A_016_img_38.jpg,.jpg,converted,False,1200,1600,Success
VIE_A_016,data\raw\images\VIE_A_016\VIE_A_016_img_20.HEIC,data\raw\images\VIE_A_016\VIE_A_016_img_39.jpg,.heic,converted,True,1200,1600,Success
VIE_A_016,data\raw\images\VIE_A_016\VIE_A_016_img_20.jpg,data\raw\images\VIE_A_016\VIE_A_016_img_40.jpg,.jpg,converted,False,1200,1600,Success
VIE_A_016,data\raw\images\VIE_A_016\VIE_A_016_img_21.HEIC,data\raw\images\VIE_A_016\VIE_A_016_img_41.jpg,.heic,converted,True,1200,1600,Success
VIE_A_016,data\raw\images\VIE_A_016\VIE_A_016_img_21.jpg,data\raw\images\VIE_A_016\VIE_A_016_img_42.jpg,.jpg,converted,False,1200,1600,Success
VIE_A_016,data\raw\images\VIE_A_016\VIE_A_016_img_22.HEIC,data\raw\images\VIE_A_016\VIE_A_016_img_43.jpg,.heic,converted,True,1200,1600,Success
VIE_A_016,data\raw\images\VIE_A_016\VIE_A_016_img_22.jpg,data\raw\images\VIE_A_016\VIE_A_016_img_44.jpg,.jpg,converted,False,1200,1600,Success
VIE_A_016,data\raw\images\VIE_A_016\VIE_A_016_img_23.HEIC,data\raw\images\VIE_A_016\VIE_A_016_img_45.jpg,.heic,converted,True,1200,1600,Success
VIE_A_016,data\raw\images\VIE_A_016\VIE_A_016_img_23.jpg,data\raw\images\VIE_A_016\VIE_A_016_img_46.jpg,.jpg,converted,False,1200,1600,Success
VIE_A_016,data\raw\images\VIE_A_016\VIE_A_016_img_24.HEIC,data\raw\images\VIE_A_016\VIE_A_016_img_47.jpg,.heic,converted,True,1200,1600,Success
VIE_A_016,data\raw\images\VIE_A_016\VIE_A_016_img_24.jpg,data\raw\images\VIE_A_016\VIE_A_016_img_48.jpg,.jpg,converted,False,1200,1600,Success
VIE_A_017,data\raw\images\VIE_A_017\VIE_A_017_img_01.JPG,data\raw\images\VIE_A_017\VIE_A_017_img_01.jpg,.jpg,converted,False,1125,1486,Success
VIE_A_017,data\raw\images\VIE_A_017\VIE_A_017_img_02.JPG,data\raw\images\VIE_A_017\VIE_A_017_img_02.jpg,.jpg,converted,False,1125,1499,Success
VIE_A_017,data\raw\images\VIE_A_017\VIE_A_017_img_03.JPG,data\raw\images\VIE_A_017\VIE_A_017_img_03.jpg,.jpg,converted,False,1125,1465,Success
VIE_A_017,data\raw\images\VIE_A_017\VIE_A_017_img_04.JPG,data\raw\images\VIE_A_017\VIE_A_017_img_04.jpg,.jpg,converted,False,1125,1456,Success
VIE_A_017,data\raw\images\VIE_A_017\VIE_A_017_img_05.JPG,data\raw\images\VIE_A_017\VIE_A_017_img_05.jpg,.jpg,converted,False,1125,1525,Success
VIE_A_017,data\raw\images\VIE_A_017\VIE_A_017_img_06.JPG,data\raw\images\VIE_A_017\VIE_A_017_img_06.jpg,.jpg,converted,False,1125,1467,Success
VIE_A_017,data\raw\images\VIE_A_017\VIE_A_017_img_07.JPG,data\raw\images\VIE_A_017\VIE_A_017_img_07.jpg,.jpg,converted,False,1125,1446,Success
VIE_A_017,data\raw\images\VIE_A_017\VIE_A_017_img_08.JPG,data\raw\images\VIE_A_017\VIE_A_017_img_08.jpg,.jpg,converted,False,1124,1418,Success
VIE_A_017,data\raw\images\VIE_A_017\VIE_A_017_img_09.JPG,data\raw\images\VIE_A_017\VIE_A_017_img_09.jpg,.jpg,converted,False,1125,1429,Success
VIE_A_017,data\raw\images\VIE_A_017\VIE_A_017_img_10.jpg,data\raw\images\VIE_A_017\VIE_A_017_img_10.jpg,.jpg,converted,False,902,818,Success
VIE_A_017,data\raw\images\VIE_A_017\VIE_A_017_img_10.png,data\raw\images\VIE_A_017\VIE_A_017_img_11.jpg,.png,converted,False,902,818,Success
VIE_A_018,data\raw\images\VIE_A_018\VIE_A_018_img_01.HEIC,data\raw\images\VIE_A_018\VIE_A_018_img_01.jpg,.heic,converted,True,1200,1600,Success
VIE_A_018,data\raw\images\VIE_A_018\VIE_A_018_img_01.jpg,data\raw\images\VIE_A_018\VIE_A_018_img_02.jpg,.jpg,converted,False,1200,1600,Success
VIE_A_018,data\raw\images\VIE_A_018\VIE_A_018_img_02.HEIC,data\raw\images\VIE_A_018\VIE_A_018_img_03.jpg,.heic,converted,True,1200,1600,Success
VIE_A_018,data\raw\images\VIE_A_018\VIE_A_018_img_02.jpg,data\raw\images\VIE_A_018\VIE_A_018_img_04.jpg,.jpg,converted,False,1200,1600,Success
VIE_A_018,data\raw\images\VIE_A_018\VIE_A_018_img_03.HEIC,data\raw\images\VIE_A_018\VIE_A_018_img_05.jpg,.heic,converted,True,1200,1600,Success
VIE_A_018,data\raw\images\VIE_A_018\VIE_A_018_img_03.jpg,data\raw\images\VIE_A_018\VIE_A_018_img_06.jpg,.jpg,converted,False,1200,1600,Success
VIE_A_018,data\raw\images\VIE_A_018\VIE_A_018_img_04.HEIC,data\raw\images\VIE_A_018\VIE_A_018_img_07.jpg,.heic,converted,True,1200,1600,Success
VIE_A_018,data\raw\images\VIE_A_018\VIE_A_018_img_04.jpg,data\raw\images\VIE_A_018\VIE_A_018_img_08.jpg,.jpg,converted,False,1200,1600,Success
VIE_A_018,data\raw\images\VIE_A_018\VIE_A_018_img_05.HEIC,data\raw\images\VIE_A_018\VIE_A_018_img_09.jpg,.heic,converted,True,1200,1600,Success
VIE_A_018,data\raw\images\VIE_A_018\VIE_A_018_img_05.jpg,data\raw\images\VIE_A_018\VIE_A_018_img_10.jpg,.jpg,converted,False,1200,1600,Success
VIE_A_018,data\raw\images\VIE_A_018\VIE_A_018_img_06.HEIC,data\raw\images\VIE_A_018\VIE_A_018_img_11.jpg,.heic,converted,True,1200,1600,Success
VIE_A_018,data\raw\images\VIE_A_018\VIE_A_018_img_06.jpg,data\raw\images\VIE_A_018\VIE_A_018_img_12.jpg,.jpg,converted,False,1200,1600,Success
VIE_A_018,data\raw\images\VIE_A_018\VIE_A_018_img_07.HEIC,data\raw\images\VIE_A_018\VIE_A_018_img_13.jpg,.heic,converted,True,1200,1600,Success
VIE_A_018,data\raw\images\VIE_A_018\VIE_A_018_img_07.jpg,data\raw\images\VIE_A_018\VIE_A_018_img_14.jpg,.jpg,converted,False,1200,1600,Success
VIE_A_018,data\raw\images\VIE_A_018\VIE_A_018_img_08.HEIC,data\raw\images\VIE_A_018\VIE_A_018_img_15.jpg,.heic,converted,True,1200,1600,Success
VIE_A_018,data\raw\images\VIE_A_018\VIE_A_018_img_08.jpg,data\raw\images\VIE_A_018\VIE_A_018_img_16.jpg,.jpg,converted,False,1200,1600,Success
VIE_A_018,data\raw\images\VIE_A_018\VIE_A_018_img_09.HEIC,data\raw\images\VIE_A_018\VIE_A_018_img_17.jpg,.heic,converted,True,1200,1600,Success
VIE_A_018,data\raw\images\VIE_A_018\VIE_A_018_img_09.jpg,data\raw\images\VIE_A_018\VIE_A_018_img_18.jpg,.jpg,converted,False,1200,1600,Success
VIE_A_018,data\raw\images\VIE_A_018\VIE_A_018_img_10.jpg,data\raw\images\VIE_A_018\VIE_A_018_img_19.jpg,.jpg,converted,False,1200,1600,Success
VIE_A_018,data\raw\images\VIE_A_018\VIE_A_018_img_10.png,data\raw\images\VIE_A_018\VIE_A_018_img_20.jpg,.png,converted,False,572,579,Success
VIE_A_019,data\raw\images\VIE_A_019\VIE_A_019_img_01.HEIC,data\raw\images\VIE_A_019\VIE_A_019_img_01.jpg,.heic,converted,True,1200,1600,Success
VIE_A_019,data\raw\images\VIE_A_019\VIE_A_019_img_01.jpg,data\raw\images\VIE_A_019\VIE_A_019_img_02.jpg,.jpg,converted,False,1200,1600,Success
VIE_A_019,data\raw\images\VIE_A_019\VIE_A_019_img_02.HEIC,data\raw\images\VIE_A_019\VIE_A_019_img_03.jpg,.heic,converted,True,1200,1600,Success
VIE_A_019,data\raw\images\VIE_A_019\VIE_A_019_img_02.jpg,data\raw\images\VIE_A_019\VIE_A_019_img_04.jpg,.jpg,converted,False,1200,1600,Success
VIE_A_019,data\raw\images\VIE_A_019\VIE_A_019_img_03.HEIC,data\raw\images\VIE_A_019\VIE_A_019_img_05.jpg,.heic,converted,True,1200,1600,Success
VIE_A_019,data\raw\images\VIE_A_019\VIE_A_019_img_03.jpg,data\raw\images\VIE_A_019\VIE_A_019_img_06.jpg,.jpg,converted,False,1200,1600,Success
VIE_A_019,data\raw\images\VIE_A_019\VIE_A_019_img_04.HEIC,data\raw\images\VIE_A_019\VIE_A_019_img_07.jpg,.heic,converted,True,1200,1600,Success
VIE_A_019,data\raw\images\VIE_A_019\VIE_A_019_img_04.jpg,data\raw\images\VIE_A_019\VIE_A_019_img_08.jpg,.jpg,converted,False,1200,1600,Success
VIE_A_019,data\raw\images\VIE_A_019\VIE_A_019_img_05.HEIC,data\raw\images\VIE_A_019\VIE_A_019_img_09.jpg,.heic,converted,True,1200,1600,Success
VIE_A_019,data\raw\images\VIE_A_019\VIE_A_019_img_05.jpg,data\raw\images\VIE_A_019\VIE_A_019_img_10.jpg,.jpg,converted,False,1200,1600,Success
VIE_A_019,data\raw\images\VIE_A_019\VIE_A_019_img_06.HEIC,data\raw\images\VIE_A_019\VIE_A_019_img_11.jpg,.heic,converted,True,1200,1600,Success
VIE_A_019,data\raw\images\VIE_A_019\VIE_A_019_img_06.jpg,data\raw\images\VIE_A_019\VIE_A_019_img_12.jpg,.jpg,converted,False,1200,1600,Success
VIE_A_019,data\raw\images\VIE_A_019\VIE_A_019_img_07.HEIC,data\raw\images\VIE_A_019\VIE_A_019_img_13.jpg,.heic,converted,True,1200,1600,Success
VIE_A_019,data\raw\images\VIE_A_019\VIE_A_019_img_07.jpg,data\raw\images\VIE_A_019\VIE_A_019_img_14.jpg,.jpg,converted,False,1200,1600,Success
VIE_A_019,data\raw\images\VIE_A_019\VIE_A_019_img_08.HEIC,data\raw\images\VIE_A_019\VIE_A_019_img_15.jpg,.heic,converted,True,1200,1600,Success
VIE_A_019,data\raw\images\VIE_A_019\VIE_A_019_img_08.jpg,data\raw\images\VIE_A_019\VIE_A_019_img_16.jpg,.jpg,converted,False,1200,1600,Success
VIE_A_019,data\raw\images\VIE_A_019\VIE_A_019_img_09.HEIC,data\raw\images\VIE_A_019\VIE_A_019_img_17.jpg,.heic,converted,True,1200,1600,Success
VIE_A_019,data\raw\images\VIE_A_019\VIE_A_019_img_09.jpg,data\raw\images\VIE_A_019\VIE_A_019_img_18.jpg,.jpg,converted,False,1200,1600,Success
VIE_A_019,data\raw\images\VIE_A_019\VIE_A_019_img_10.HEIC,data\raw\images\VIE_A_019\VIE_A_019_img_19.jpg,.heic,converted,True,1200,1600,Success
VIE_A_019,data\raw\images\VIE_A_019\VIE_A_019_img_10.jpg,data\raw\images\VIE_A_019\VIE_A_019_img_20.jpg,.jpg,converted,False,1200,1600,Success
VIE_A_019,data\raw\images\VIE_A_019\VIE_A_019_img_11.HEIC,data\raw\images\VIE_A_019\VIE_A_019_img_21.jpg,.heic,converted,True,1200,1600,Success
VIE_A_019,data\raw\images\VIE_A_019\VIE_A_019_img_11.jpg,data\raw\images\VIE_A_019\VIE_A_019_img_22.jpg,.jpg,converted,False,1200,1600,Success
VIE_A_019,data\raw\images\VIE_A_019\VIE_A_019_img_12.HEIC,data\raw\images\VIE_A_019\VIE_A_019_img_23.jpg,.heic,converted,True,1200,1600,Success
VIE_A_019,data\raw\images\VIE_A_019\VIE_A_019_img_12.jpg,data\raw\images\VIE_A_019\VIE_A_019_img_24.jpg,.jpg,converted,False,1200,1600,Success
VIE_A_019,data\raw\images\VIE_A_019\VIE_A_019_img_13.HEIC,data\raw\images\VIE_A_019\VIE_A_019_img_25.jpg,.heic,converted,True,1200,1600,Success
VIE_A_019,data\raw\images\VIE_A_019\VIE_A_019_img_13.jpg,data\raw\images\VIE_A_019\VIE_A_019_img_26.jpg,.jpg,converted,False,1200,1600,Success
VIE_A_019,data\raw\images\VIE_A_019\VIE_A_019_img_14.HEIC,data\raw\images\VIE_A_019\VIE_A_019_img_27.jpg,.heic,converted,True,1200,1600,Success
VIE_A_019,data\raw\images\VIE_A_019\VIE_A_019_img_14.jpg,data\raw\images\VIE_A_019\VIE_A_019_img_28.jpg,.jpg,converted,False,1200,1600,Success
VIE_A_019,data\raw\images\VIE_A_019\VIE_A_019_img_15.jpg,data\raw\images\VIE_A_019\VIE_A_019_img_29.jpg,.jpg,converted,False,1200,1600,Success
VIE_A_019,data\raw\images\VIE_A_019\VIE_A_019_img_15.png,data\raw\images\VIE_A_019\VIE_A_019_img_30.jpg,.png,converted,False,1222,807,Success
VIE_A_020,data\raw\images\VIE_A_020\VIE_A_020_img_01.HEIC,data\raw\images\VIE_A_020\VIE_A_020_img_01.jpg,.heic,converted,True,1200,1600,Success
VIE_A_020,data\raw\images\VIE_A_020\VIE_A_020_img_01.jpg,data\raw\images\VIE_A_020\VIE_A_020_img_02.jpg,.jpg,converted,False,1200,1600,Success
VIE_A_020,data\raw\images\VIE_A_020\VIE_A_020_img_02.HEIC,data\raw\images\VIE_A_020\VIE_A_020_img_03.jpg,.heic,converted,True,1600,1200,Success
VIE_A_020,data\raw\images\VIE_A_020\VIE_A_020_img_02.jpg,data\raw\images\VIE_A_020\VIE_A_020_img_04.jpg,.jpg,converted,False,1200,1600,Success
VIE_A_020,data\raw\images\VIE_A_020\VIE_A_020_img_03.HEIC,data\raw\images\VIE_A_020\VIE_A_020_img_05.jpg,.heic,converted,True,1600,1200,Success
VIE_A_020,data\raw\images\VIE_A_020\VIE_A_020_img_03.jpg,data\raw\images\VIE_A_020\VIE_A_020_img_06.jpg,.jpg,converted,False,1600,1200,Success
VIE_A_020,data\raw\images\VIE_A_020\VIE_A_020_img_04.HEIC,data\raw\images\VIE_A_020\VIE_A_020_img_07.jpg,.heic,converted,True,1600,1200,Success
VIE_A_020,data\raw\images\VIE_A_020\VIE_A_020_img_04.jpg,data\raw\images\VIE_A_020\VIE_A_020_img_08.jpg,.jpg,converted,False,1200,1600,Success
VIE_A_020,data\raw\images\VIE_A_020\VIE_A_020_img_05.HEIC,data\raw\images\VIE_A_020\VIE_A_020_img_09.jpg,.heic,converted,True,1600,1200,Success
VIE_A_020,data\raw\images\VIE_A_020\VIE_A_020_img_05.jpg,data\raw\images\VIE_A_020\VIE_A_020_img_10.jpg,.jpg,converted,False,1600,1200,Success
VIE_A_020,data\raw\images\VIE_A_020\VIE_A_020_img_06.HEIC,data\raw\images\VIE_A_020\VIE_A_020_img_11.jpg,.heic,converted,True,1600,1200,Success
VIE_A_020,data\raw\images\VIE_A_020\VIE_A_020_img_06.jpg,data\raw\images\VIE_A_020\VIE_A_020_img_12.jpg,.jpg,converted,False,1600,1200,Success
VIE_A_020,data\raw\images\VIE_A_020\VIE_A_020_img_07.HEIC,data\raw\images\VIE_A_020\VIE_A_020_img_13.jpg,.heic,converted,True,1600,1200,Success
VIE_A_020,data\raw\images\VIE_A_020\VIE_A_020_img_07.jpg,data\raw\images\VIE_A_020\VIE_A_020_img_14.jpg,.jpg,converted,False,1600,1200,Success
VIE_A_020,data\raw\images\VIE_A_020\VIE_A_020_img_08.HEIC,data\raw\images\VIE_A_020\VIE_A_020_img_15.jpg,.heic,converted,True,1600,1200,Success
VIE_A_020,data\raw\images\VIE_A_020\VIE_A_020_img_08.jpg,data\raw\images\VIE_A_020\VIE_A_020_img_16.jpg,.jpg,converted,False,1200,1600,Success
VIE_A_020,data\raw\images\VIE_A_020\VIE_A_020_img_09.HEIC,data\raw\images\VIE_A_020\VIE_A_020_img_17.jpg,.heic,converted,True,1600,1200,Success
VIE_A_020,data\raw\images\VIE_A_020\VIE_A_020_img_09.jpg,data\raw\images\VIE_A_020\VIE_A_020_img_18.jpg,.jpg,converted,False,1600,1200,Success
VIE_A_020,data\raw\images\VIE_A_020\VIE_A_020_img_10.HEIC,data\raw\images\VIE_A_020\VIE_A_020_img_19.jpg,.heic,converted,True,1600,1200,Success
VIE_A_020,data\raw\images\VIE_A_020\VIE_A_020_img_10.jpg,data\raw\images\VIE_A_020\VIE_A_020_img_20.jpg,.jpg,converted,False,1600,1200,Success
VIE_A_020,data\raw\images\VIE_A_020\VIE_A_020_img_11.HEIC,data\raw\images\VIE_A_020\VIE_A_020_img_21.jpg,.heic,converted,True,1200,1600,Success
VIE_A_020,data\raw\images\VIE_A_020\VIE_A_020_img_11.jpg,data\raw\images\VIE_A_020\VIE_A_020_img_22.jpg,.jpg,converted,False,1600,1200,Success
VIE_A_020,data\raw\images\VIE_A_020\VIE_A_020_img_12.HEIC,data\raw\images\VIE_A_020\VIE_A_020_img_23.jpg,.heic,converted,True,1600,1200,Success
VIE_A_020,data\raw\images\VIE_A_020\VIE_A_020_img_12.jpg,data\raw\images\VIE_A_020\VIE_A_020_img_24.jpg,.jpg,converted,False,1600,1200,Success
VIE_A_020,data\raw\images\VIE_A_020\VIE_A_020_img_13.HEIC,data\raw\images\VIE_A_020\VIE_A_020_img_25.jpg,.heic,converted,True,1200,1600,Success
VIE_A_020,data\raw\images\VIE_A_020\VIE_A_020_img_13.jpg,data\raw\images\VIE_A_020\VIE_A_020_img_26.jpg,.jpg,converted,False,1600,1200,Success
VIE_A_020,data\raw\images\VIE_A_020\VIE_A_020_img_14.HEIC,data\raw\images\VIE_A_020\VIE_A_020_img_27.jpg,.heic,converted,True,1590,1600,Success
VIE_A_020,data\raw\images\VIE_A_020\VIE_A_020_img_14.jpg,data\raw\images\VIE_A_020\VIE_A_020_img_28.jpg,.jpg,converted,False,1600,1200,Success
VIE_A_020,data\raw\images\VIE_A_020\VIE_A_020_img_15.HEIC,data\raw\images\VIE_A_020\VIE_A_020_img_29.jpg,.heic,converted,True,1200,1600,Success
VIE_A_020,data\raw\images\VIE_A_020\VIE_A_020_img_15.jpg,data\raw\images\VIE_A_020\VIE_A_020_img_30.jpg,.jpg,converted,False,1600,1200,Success
VIE_A_020,data\raw\images\VIE_A_020\VIE_A_020_img_16.HEIC,data\raw\images\VIE_A_020\VIE_A_020_img_31.jpg,.heic,converted,True,1278,1600,Success
VIE_A_020,data\raw\images\VIE_A_020\VIE_A_020_img_16.jpg,data\raw\images\VIE_A_020\VIE_A_020_img_32.jpg,.jpg,converted,False,1200,1600,Success
VIE_A_020,data\raw\images\VIE_A_020\VIE_A_020_img_17.HEIC,data\raw\images\VIE_A_020\VIE_A_020_img_33.jpg,.heic,converted,True,1200,1600,Success
VIE_A_020,data\raw\images\VIE_A_020\VIE_A_020_img_17.jpg,data\raw\images\VIE_A_020\VIE_A_020_img_34.jpg,.jpg,converted,False,1600,1200,Success
VIE_A_020,data\raw\images\VIE_A_020\VIE_A_020_img_18.jpg,data\raw\images\VIE_A_020\VIE_A_020_img_35.jpg,.jpg,converted,False,1600,1200,Success
VIE_A_020,data\raw\images\VIE_A_020\VIE_A_020_img_18.png,data\raw\images\VIE_A_020\VIE_A_020_img_36.jpg,.png,converted,False,700,747,Success
VIE_A_021,data\raw\images\VIE_A_021\VIE_A_021_img_01.HEIC,data\raw\images\VIE_A_021\VIE_A_021_img_01.jpg,.heic,converted,True,1200,1600,Success
VIE_A_021,data\raw\images\VIE_A_021\VIE_A_021_img_01.jpg,data\raw\images\VIE_A_021\VIE_A_021_img_02.jpg,.jpg,converted,False,1200,1600,Success
VIE_A_021,data\raw\images\VIE_A_021\VIE_A_021_img_02.HEIC,data\raw\images\VIE_A_021\VIE_A_021_img_03.jpg,.heic,converted,True,1600,1200,Success
VIE_A_021,data\raw\images\VIE_A_021\VIE_A_021_img_02.jpg,data\raw\images\VIE_A_021\VIE_A_021_img_04.jpg,.jpg,converted,False,1200,1600,Success
VIE_A_021,data\raw\images\VIE_A_021\VIE_A_021_img_03.HEIC,data\raw\images\VIE_A_021\VIE_A_021_img_05.jpg,.heic,converted,True,1200,1600,Success
VIE_A_021,data\raw\images\VIE_A_021\VIE_A_021_img_03.jpg,data\raw\images\VIE_A_021\VIE_A_021_img_06.jpg,.jpg,converted,False,1600,1200,Success
VIE_A_021,data\raw\images\VIE_A_021\VIE_A_021_img_04.HEIC,data\raw\images\VIE_A_021\VIE_A_021_img_07.jpg,.heic,converted,True,1200,1600,Success
VIE_A_021,data\raw\images\VIE_A_021\VIE_A_021_img_04.jpg,data\raw\images\VIE_A_021\VIE_A_021_img_08.jpg,.jpg,converted,False,1200,1600,Success
VIE_A_021,data\raw\images\VIE_A_021\VIE_A_021_img_05.HEIC,data\raw\images\VIE_A_021\VIE_A_021_img_09.jpg,.heic,converted,True,1200,1600,Success
VIE_A_021,data\raw\images\VIE_A_021\VIE_A_021_img_05.jpg,data\raw\images\VIE_A_021\VIE_A_021_img_10.jpg,.jpg,converted,False,1200,1600,Success
VIE_A_021,data\raw\images\VIE_A_021\VIE_A_021_img_06.HEIC,data\raw\images\VIE_A_021\VIE_A_021_img_11.jpg,.heic,converted,True,1200,1600,Success
VIE_A_021,data\raw\images\VIE_A_021\VIE_A_021_img_06.jpg,data\raw\images\VIE_A_021\VIE_A_021_img_12.jpg,.jpg,converted,False,1600,1200,Success
VIE_A_021,data\raw\images\VIE_A_021\VIE_A_021_img_07.HEIC,data\raw\images\VIE_A_021\VIE_A_021_img_13.jpg,.heic,converted,True,1600,1200,Success
VIE_A_021,data\raw\images\VIE_A_021\VIE_A_021_img_07.jpg,data\raw\images\VIE_A_021\VIE_A_021_img_14.jpg,.jpg,converted,False,1200,1600,Success
VIE_A_021,data\raw\images\VIE_A_021\VIE_A_021_img_08.HEIC,data\raw\images\VIE_A_021\VIE_A_021_img_15.jpg,.heic,converted,True,1200,1600,Success
VIE_A_021,data\raw\images\VIE_A_021\VIE_A_021_img_08.jpg,data\raw\images\VIE_A_021\VIE_A_021_img_16.jpg,.jpg,converted,False,1200,1600,Success
VIE_A_021,data\raw\images\VIE_A_021\VIE_A_021_img_09.HEIC,data\raw\images\VIE_A_021\VIE_A_021_img_17.jpg,.heic,converted,True,1200,1600,Success
VIE_A_021,data\raw\images\VIE_A_021\VIE_A_021_img_09.jpg,data\raw\images\VIE_A_021\VIE_A_021_img_18.jpg,.jpg,converted,False,1200,1600,Success
VIE_A_021,data\raw\images\VIE_A_021\VIE_A_021_img_10.HEIC,data\raw\images\VIE_A_021\VIE_A_021_img_19.jpg,.heic,converted,True,1200,1600,Success
VIE_A_021,data\raw\images\VIE_A_021\VIE_A_021_img_10.jpg,data\raw\images\VIE_A_021\VIE_A_021_img_20.jpg,.jpg,converted,False,1200,1600,Success
VIE_A_021,data\raw\images\VIE_A_021\VIE_A_021_img_11.HEIC,data\raw\images\VIE_A_021\VIE_A_021_img_21.jpg,.heic,converted,True,1200,1600,Success
VIE_A_021,data\raw\images\VIE_A_021\VIE_A_021_img_11.jpg,data\raw\images\VIE_A_021\VIE_A_021_img_22.jpg,.jpg,converted,False,1200,1600,Success
VIE_A_021,data\raw\images\VIE_A_021\VIE_A_021_img_12.HEIC,data\raw\images\VIE_A_021\VIE_A_021_img_23.jpg,.heic,converted,True,1200,1600,Success
VIE_A_021,data\raw\images\VIE_A_021\VIE_A_021_img_12.jpg,data\raw\images\VIE_A_021\VIE_A_021_img_24.jpg,.jpg,converted,False,1600,1200,Success
VIE_A_021,data\raw\images\VIE_A_021\VIE_A_021_img_13.HEIC,data\raw\images\VIE_A_021\VIE_A_021_img_25.jpg,.heic,converted,True,1200,1600,Success
VIE_A_021,data\raw\images\VIE_A_021\VIE_A_021_img_13.jpg,data\raw\images\VIE_A_021\VIE_A_021_img_26.jpg,.jpg,converted,False,1600,1200,Success
VIE_A_021,data\raw\images\VIE_A_021\VIE_A_021_img_14.HEIC,data\raw\images\VIE_A_021\VIE_A_021_img_27.jpg,.heic,converted,True,1200,1600,Success
VIE_A_021,data\raw\images\VIE_A_021\VIE_A_021_img_14.jpg,data\raw\images\VIE_A_021\VIE_A_021_img_28.jpg,.jpg,converted,False,1200,1600,Success
VIE_A_021,data\raw\images\VIE_A_021\VIE_A_021_img_15.HEIC,data\raw\images\VIE_A_021\VIE_A_021_img_29.jpg,.heic,converted,True,1600,1200,Success
VIE_A_021,data\raw\images\VIE_A_021\VIE_A_021_img_15.jpg,data\raw\images\VIE_A_021\VIE_A_021_img_30.jpg,.jpg,converted,False,1200,1600,Success
VIE_A_021,data\raw\images\VIE_A_021\VIE_A_021_img_16.HEIC,data\raw\images\VIE_A_021\VIE_A_021_img_31.jpg,.heic,converted,True,1200,1600,Success
VIE_A_021,data\raw\images\VIE_A_021\VIE_A_021_img_16.jpg,data\raw\images\VIE_A_021\VIE_A_021_img_32.jpg,.jpg,converted,False,1200,1600,Success
VIE_A_021,data\raw\images\VIE_A_021\VIE_A_021_img_17.HEIC,data\raw\images\VIE_A_021\VIE_A_021_img_33.jpg,.heic,converted,True,1200,1600,Success
VIE_A_021,data\raw\images\VIE_A_021\VIE_A_021_img_17.jpg,data\raw\images\VIE_A_021\VIE_A_021_img_34.jpg,.jpg,converted,False,1200,1600,Success
VIE_A_021,data\raw\images\VIE_A_021\VIE_A_021_img_18.HEIC,data\raw\images\VIE_A_021\VIE_A_021_img_35.jpg,.heic,converted,True,1200,1600,Success
VIE_A_021,data\raw\images\VIE_A_021\VIE_A_021_img_18.jpg,data\raw\images\VIE_A_021\VIE_A_021_img_36.jpg,.jpg,converted,False,1200,1600,Success
VIE_A_021,data\raw\images\VIE_A_021\VIE_A_021_img_19.jpg,data\raw\images\VIE_A_021\VIE_A_021_img_37.jpg,.jpg,converted,False,1200,1600,Success
VIE_A_021,data\raw\images\VIE_A_021\VIE_A_021_img_19.png,data\raw\images\VIE_A_021\VIE_A_021_img_38.jpg,.png,converted,False,1315,823,Success
VIE_A_022,data\raw\images\VIE_A_022\VIE_A_022_img_01.JPG,data\raw\images\VIE_A_022\VIE_A_022_img_01.jpg,.jpg,converted,True,1600,1200,Success
VIE_A_022,data\raw\images\VIE_A_022\VIE_A_022_img_02.JPG,data\raw\images\VIE_A_022\VIE_A_022_img_02.jpg,.jpg,converted,True,1600,1200,Success
VIE_A_022,data\raw\images\VIE_A_022\VIE_A_022_img_03.JPG,data\raw\images\VIE_A_022\VIE_A_022_img_03.jpg,.jpg,converted,True,1600,1200,Success
VIE_A_022,data\raw\images\VIE_A_022\VIE_A_022_img_04.HEIC,data\raw\images\VIE_A_022\VIE_A_022_img_04.jpg,.heic,converted,True,1200,1600,Success
VIE_A_022,data\raw\images\VIE_A_022\VIE_A_022_img_04.jpg,data\raw\images\VIE_A_022\VIE_A_022_img_05.jpg,.jpg,converted,False,1200,1600,Success
VIE_A_022,data\raw\images\VIE_A_022\VIE_A_022_img_05.JPG,data\raw\images\VIE_A_022\VIE_A_022_img_06.jpg,.jpg,converted,False,1200,1600,Success
VIE_A_022,data\raw\images\VIE_A_022\VIE_A_022_img_06.HEIC,data\raw\images\VIE_A_022\VIE_A_022_img_07.jpg,.heic,converted,True,1200,1600,Success
VIE_A_022,data\raw\images\VIE_A_022\VIE_A_022_img_06.jpg,data\raw\images\VIE_A_022\VIE_A_022_img_08.jpg,.jpg,converted,False,1200,1600,Success
VIE_A_022,data\raw\images\VIE_A_022\VIE_A_022_img_07.HEIC,data\raw\images\VIE_A_022\VIE_A_022_img_09.jpg,.heic,converted,True,1200,1600,Success
VIE_A_022,data\raw\images\VIE_A_022\VIE_A_022_img_07.jpg,data\raw\images\VIE_A_022\VIE_A_022_img_10.jpg,.jpg,converted,False,1200,1600,Success
VIE_A_022,data\raw\images\VIE_A_022\VIE_A_022_img_08.JPG,data\raw\images\VIE_A_022\VIE_A_022_img_11.jpg,.jpg,converted,False,1200,1600,Success
VIE_A_022,data\raw\images\VIE_A_022\VIE_A_022_img_09.HEIC,data\raw\images\VIE_A_022\VIE_A_022_img_12.jpg,.heic,converted,True,1200,1600,Success
VIE_A_022,data\raw\images\VIE_A_022\VIE_A_022_img_09.jpg,data\raw\images\VIE_A_022\VIE_A_022_img_13.jpg,.jpg,converted,False,1200,1600,Success
VIE_A_022,data\raw\images\VIE_A_022\VIE_A_022_img_10.HEIC,data\raw\images\VIE_A_022\VIE_A_022_img_14.jpg,.heic,converted,True,1200,1600,Success
VIE_A_022,data\raw\images\VIE_A_022\VIE_A_022_img_10.jpg,data\raw\images\VIE_A_022\VIE_A_022_img_15.jpg,.jpg,converted,False,1200,1600,Success
VIE_A_022,data\raw\images\VIE_A_022\VIE_A_022_img_11.HEIC,data\raw\images\VIE_A_022\VIE_A_022_img_16.jpg,.heic,converted,True,1200,1600,Success
VIE_A_022,data\raw\images\VIE_A_022\VIE_A_022_img_11.jpg,data\raw\images\VIE_A_022\VIE_A_022_img_17.jpg,.jpg,converted,False,1200,1600,Success
VIE_A_022,data\raw\images\VIE_A_022\VIE_A_022_img_12.HEIC,data\raw\images\VIE_A_022\VIE_A_022_img_18.jpg,.heic,converted,True,1200,1600,Success
VIE_A_022,data\raw\images\VIE_A_022\VIE_A_022_img_12.jpg,data\raw\images\VIE_A_022\VIE_A_022_img_19.jpg,.jpg,converted,False,1200,1600,Success
VIE_A_022,data\raw\images\VIE_A_022\VIE_A_022_img_13.HEIC,data\raw\images\VIE_A_022\VIE_A_022_img_20.jpg,.heic,converted,True,1200,1600,Success
VIE_A_022,data\raw\images\VIE_A_022\VIE_A_022_img_13.jpg,data\raw\images\VIE_A_022\VIE_A_022_img_21.jpg,.jpg,converted,False,1200,1600,Success
VIE_A_022,data\raw\images\VIE_A_022\VIE_A_022_img_14.JPG,data\raw\images\VIE_A_022\VIE_A_022_img_22.jpg,.jpg,converted,False,1200,1600,Success
VIE_A_022,data\raw\images\VIE_A_022\VIE_A_022_img_15.HEIC,data\raw\images\VIE_A_022\VIE_A_022_img_23.jpg,.heic,converted,True,1200,1600,Success
VIE_A_022,data\raw\images\VIE_A_022\VIE_A_022_img_15.jpg,data\raw\images\VIE_A_022\VIE_A_022_img_24.jpg,.jpg,converted,False,1200,1600,Success
VIE_A_022,data\raw\images\VIE_A_022\VIE_A_022_img_16.JPG,data\raw\images\VIE_A_022\VIE_A_022_img_25.jpg,.jpg,converted,False,1200,1600,Success
VIE_A_022,data\raw\images\VIE_A_022\VIE_A_022_img_17.HEIC,data\raw\images\VIE_A_022\VIE_A_022_img_26.jpg,.heic,converted,True,1200,1600,Success
VIE_A_022,data\raw\images\VIE_A_022\VIE_A_022_img_17.jpg,data\raw\images\VIE_A_022\VIE_A_022_img_27.jpg,.jpg,converted,False,1200,1600,Success
VIE_A_022,data\raw\images\VIE_A_022\VIE_A_022_img_18.HEIC,data\raw\images\VIE_A_022\VIE_A_022_img_28.jpg,.heic,converted,True,1200,1600,Success
VIE_A_022,data\raw\images\VIE_A_022\VIE_A_022_img_18.jpg,data\raw\images\VIE_A_022\VIE_A_022_img_29.jpg,.jpg,converted,False,1200,1600,Success
VIE_A_022,data\raw\images\VIE_A_022\VIE_A_022_img_19.JPG,data\raw\images\VIE_A_022\VIE_A_022_img_30.jpg,.jpg,converted,False,1200,1600,Success
VIE_A_022,data\raw\images\VIE_A_022\VIE_A_022_img_20.HEIC,data\raw\images\VIE_A_022\VIE_A_022_img_31.jpg,.heic,converted,True,1200,1600,Success
VIE_A_022,data\raw\images\VIE_A_022\VIE_A_022_img_20.jpg,data\raw\images\VIE_A_022\VIE_A_022_img_32.jpg,.jpg,converted,False,1200,1600,Success
VIE_A_022,data\raw\images\VIE_A_022\VIE_A_022_img_21.JPG,data\raw\images\VIE_A_022\VIE_A_022_img_33.jpg,.jpg,converted,False,1200,1600,Success
VIE_A_022,data\raw\images\VIE_A_022\VIE_A_022_img_22.HEIC,data\raw\images\VIE_A_022\VIE_A_022_img_34.jpg,.heic,converted,True,1200,1600,Success
VIE_A_022,data\raw\images\VIE_A_022\VIE_A_022_img_22.jpg,data\raw\images\VIE_A_022\VIE_A_022_img_35.jpg,.jpg,converted,False,1200,1600,Success
VIE_A_022,data\raw\images\VIE_A_022\VIE_A_022_img_23.HEIC,data\raw\images\VIE_A_022\VIE_A_022_img_36.jpg,.heic,converted,True,1200,1600,Success
VIE_A_022,data\raw\images\VIE_A_022\VIE_A_022_img_23.jpg,data\raw\images\VIE_A_022\VIE_A_022_img_37.jpg,.jpg,converted,False,1200,1600,Success
VIE_A_022,data\raw\images\VIE_A_022\VIE_A_022_img_24.jpg,data\raw\images\VIE_A_022\VIE_A_022_img_38.jpg,.jpg,converted,False,1200,1600,Success
VIE_A_022,data\raw\images\VIE_A_022\VIE_A_022_img_24.png,data\raw\images\VIE_A_022\VIE_A_022_img_39.jpg,.png,converted,False,1308,815,Success
VIE_A_023,data\raw\images\VIE_A_023\VIE_A_023_img_01.JPG,data\raw\images\VIE_A_023\VIE_A_023_img_01.jpg,.jpg,converted,True,1600,1200,Success
VIE_A_023,data\raw\images\VIE_A_023\VIE_A_023_img_02.HEIC,data\raw\images\VIE_A_023\VIE_A_023_img_02.jpg,.heic,converted,True,1200,1600,Success
VIE_A_023,data\raw\images\VIE_A_023\VIE_A_023_img_02.jpg,data\raw\images\VIE_A_023\VIE_A_023_img_03.jpg,.jpg,converted,False,1200,1600,Success
VIE_A_023,data\raw\images\VIE_A_023\VIE_A_023_img_03.JPG,data\raw\images\VIE_A_023\VIE_A_023_img_04.jpg,.jpg,converted,False,1200,1600,Success
VIE_A_023,data\raw\images\VIE_A_023\VIE_A_023_img_04.HEIC,data\raw\images\VIE_A_023\VIE_A_023_img_05.jpg,.heic,converted,True,1200,1600,Success
VIE_A_023,data\raw\images\VIE_A_023\VIE_A_023_img_04.jpg,data\raw\images\VIE_A_023\VIE_A_023_img_06.jpg,.jpg,converted,False,1200,1600,Success
VIE_A_023,data\raw\images\VIE_A_023\VIE_A_023_img_05.JPG,data\raw\images\VIE_A_023\VIE_A_023_img_07.jpg,.jpg,converted,False,1200,1600,Success
VIE_A_023,data\raw\images\VIE_A_023\VIE_A_023_img_06.HEIC,data\raw\images\VIE_A_023\VIE_A_023_img_08.jpg,.heic,converted,True,1200,1600,Success
VIE_A_023,data\raw\images\VIE_A_023\VIE_A_023_img_06.jpg,data\raw\images\VIE_A_023\VIE_A_023_img_09.jpg,.jpg,converted,False,1200,1600,Success
VIE_A_023,data\raw\images\VIE_A_023\VIE_A_023_img_07.HEIC,data\raw\images\VIE_A_023\VIE_A_023_img_10.jpg,.heic,converted,True,1200,1600,Success
VIE_A_023,data\raw\images\VIE_A_023\VIE_A_023_img_07.jpg,data\raw\images\VIE_A_023\VIE_A_023_img_11.jpg,.jpg,converted,False,1200,1600,Success
VIE_A_023,data\raw\images\VIE_A_023\VIE_A_023_img_08.HEIC,data\raw\images\VIE_A_023\VIE_A_023_img_12.jpg,.heic,converted,True,1200,1600,Success
VIE_A_023,data\raw\images\VIE_A_023\VIE_A_023_img_08.jpg,data\raw\images\VIE_A_023\VIE_A_023_img_13.jpg,.jpg,converted,False,1200,1600,Success
VIE_A_023,data\raw\images\VIE_A_023\VIE_A_023_img_09.HEIC,data\raw\images\VIE_A_023\VIE_A_023_img_14.jpg,.heic,converted,True,1200,1600,Success
VIE_A_023,data\raw\images\VIE_A_023\VIE_A_023_img_09.jpg,data\raw\images\VIE_A_023\VIE_A_023_img_15.jpg,.jpg,converted,False,1200,1600,Success
VIE_A_023,data\raw\images\VIE_A_023\VIE_A_023_img_10.HEIC,data\raw\images\VIE_A_023\VIE_A_023_img_16.jpg,.heic,converted,True,1200,1600,Success
VIE_A_023,data\raw\images\VIE_A_023\VIE_A_023_img_10.jpg,data\raw\images\VIE_A_023\VIE_A_023_img_17.jpg,.jpg,converted,False,1200,1600,Success
VIE_A_023,data\raw\images\VIE_A_023\VIE_A_023_img_11.HEIC,data\raw\images\VIE_A_023\VIE_A_023_img_18.jpg,.heic,converted,True,1200,1600,Success
VIE_A_023,data\raw\images\VIE_A_023\VIE_A_023_img_11.jpg,data\raw\images\VIE_A_023\VIE_A_023_img_19.jpg,.jpg,converted,False,1200,1600,Success
VIE_A_023,data\raw\images\VIE_A_023\VIE_A_023_img_12.jpg,data\raw\images\VIE_A_023\VIE_A_023_img_20.jpg,.jpg,converted,False,1200,1600,Success
VIE_A_023,data\raw\images\VIE_A_023\VIE_A_023_img_12.png,data\raw\images\VIE_A_023\VIE_A_023_img_21.jpg,.png,converted,False,700,747,Success
VIE_A_024,data\raw\images\VIE_A_024\VIE_A_024_img_01.HEIC,data\raw\images\VIE_A_024\VIE_A_024_img_01.jpg,.heic,converted,True,1200,1600,Success
VIE_A_024,data\raw\images\VIE_A_024\VIE_A_024_img_01.jpg,data\raw\images\VIE_A_024\VIE_A_024_img_02.jpg,.jpg,converted,False,1200,1600,Success
VIE_A_024,data\raw\images\VIE_A_024\VIE_A_024_img_02.HEIC,data\raw\images\VIE_A_024\VIE_A_024_img_03.jpg,.heic,converted,True,1200,1600,Success
VIE_A_024,data\raw\images\VIE_A_024\VIE_A_024_img_02.jpg,data\raw\images\VIE_A_024\VIE_A_024_img_04.jpg,.jpg,converted,False,1200,1600,Success
VIE_A_024,data\raw\images\VIE_A_024\VIE_A_024_img_03.HEIC,data\raw\images\VIE_A_024\VIE_A_024_img_05.jpg,.heic,converted,True,1200,1600,Success
VIE_A_024,data\raw\images\VIE_A_024\VIE_A_024_img_03.jpg,data\raw\images\VIE_A_024\VIE_A_024_img_06.jpg,.jpg,converted,False,1200,1600,Success
VIE_A_024,data\raw\images\VIE_A_024\VIE_A_024_img_04.HEIC,data\raw\images\VIE_A_024\VIE_A_024_img_07.jpg,.heic,converted,True,1200,1600,Success
VIE_A_024,data\raw\images\VIE_A_024\VIE_A_024_img_04.jpg,data\raw\images\VIE_A_024\VIE_A_024_img_08.jpg,.jpg,converted,False,1200,1600,Success
VIE_A_024,data\raw\images\VIE_A_024\VIE_A_024_img_05.HEIC,data\raw\images\VIE_A_024\VIE_A_024_img_09.jpg,.heic,converted,True,1200,1600,Success
VIE_A_024,data\raw\images\VIE_A_024\VIE_A_024_img_05.jpg,data\raw\images\VIE_A_024\VIE_A_024_img_10.jpg,.jpg,converted,False,1200,1600,Success
VIE_A_024,data\raw\images\VIE_A_024\VIE_A_024_img_06.HEIC,data\raw\images\VIE_A_024\VIE_A_024_img_11.jpg,.heic,converted,True,1200,1600,Success
VIE_A_024,data\raw\images\VIE_A_024\VIE_A_024_img_06.jpg,data\raw\images\VIE_A_024\VIE_A_024_img_12.jpg,.jpg,converted,False,1200,1600,Success
VIE_A_024,data\raw\images\VIE_A_024\VIE_A_024_img_07.HEIC,data\raw\images\VIE_A_024\VIE_A_024_img_13.jpg,.heic,converted,True,1200,1600,Success
VIE_A_024,data\raw\images\VIE_A_024\VIE_A_024_img_07.jpg,data\raw\images\VIE_A_024\VIE_A_024_img_14.jpg,.jpg,converted,False,1200,1600,Success
VIE_A_024,data\raw\images\VIE_A_024\VIE_A_024_img_08.HEIC,data\raw\images\VIE_A_024\VIE_A_024_img_15.jpg,.heic,converted,True,1200,1600,Success
VIE_A_024,data\raw\images\VIE_A_024\VIE_A_024_img_08.jpg,data\raw\images\VIE_A_024\VIE_A_024_img_16.jpg,.jpg,converted,False,1200,1600,Success
VIE_A_024,data\raw\images\VIE_A_024\VIE_A_024_img_09.HEIC,data\raw\images\VIE_A_024\VIE_A_024_img_17.jpg,.heic,converted,True,1200,1600,Success
VIE_A_024,data\raw\images\VIE_A_024\VIE_A_024_img_09.jpg,data\raw\images\VIE_A_024\VIE_A_024_img_18.jpg,.jpg,converted,False,1200,1600,Success
VIE_A_024,data\raw\images\VIE_A_024\VIE_A_024_img_10.HEIC,data\raw\images\VIE_A_024\VIE_A_024_img_19.jpg,.heic,converted,True,1200,1600,Success
VIE_A_024,data\raw\images\VIE_A_024\VIE_A_024_img_10.jpg,data\raw\images\VIE_A_024\VIE_A_024_img_20.jpg,.jpg,converted,False,1200,1600,Success
VIE_A_024,data\raw\images\VIE_A_024\VIE_A_024_img_11.HEIC,data\raw\images\VIE_A_024\VIE_A_024_img_21.jpg,.heic,converted,True,1200,1600,Success
VIE_A_024,data\raw\images\VIE_A_024\VIE_A_024_img_11.jpg,data\raw\images\VIE_A_024\VIE_A_024_img_22.jpg,.jpg,converted,False,1200,1600,Success
VIE_A_024,data\raw\images\VIE_A_024\VIE_A_024_img_12.HEIC,data\raw\images\VIE_A_024\VIE_A_024_img_23.jpg,.heic,converted,True,1200,1600,Success
VIE_A_024,data\raw\images\VIE_A_024\VIE_A_024_img_12.jpg,data\raw\images\VIE_A_024\VIE_A_024_img_24.jpg,.jpg,converted,False,1200,1600,Success
VIE_A_024,data\raw\images\VIE_A_024\VIE_A_024_img_13.HEIC,data\raw\images\VIE_A_024\VIE_A_024_img_25.jpg,.heic,converted,True,1200,1600,Success
VIE_A_024,data\raw\images\VIE_A_024\VIE_A_024_img_13.jpg,data\raw\images\VIE_A_024\VIE_A_024_img_26.jpg,.jpg,converted,False,1200,1600,Success
VIE_A_024,data\raw\images\VIE_A_024\VIE_A_024_img_14.HEIC,data\raw\images\VIE_A_024\VIE_A_024_img_27.jpg,.heic,converted,True,1200,1600,Success
VIE_A_024,data\raw\images\VIE_A_024\VIE_A_024_img_14.jpg,data\raw\images\VIE_A_024\VIE_A_024_img_28.jpg,.jpg,converted,False,1200,1600,Success
VIE_A_024,data\raw\images\VIE_A_024\VIE_A_024_img_15.HEIC,data\raw\images\VIE_A_024\VIE_A_024_img_29.jpg,.heic,converted,True,1200,1600,Success
VIE_A_024,data\raw\images\VIE_A_024\VIE_A_024_img_15.jpg,data\raw\images\VIE_A_024\VIE_A_024_img_30.jpg,.jpg,converted,False,1200,1600,Success
VIE_A_024,data\raw\images\VIE_A_024\VIE_A_024_img_16.HEIC,data\raw\images\VIE_A_024\VIE_A_024_img_31.jpg,.heic,converted,True,1200,1600,Success
VIE_A_024,data\raw\images\VIE_A_024\VIE_A_024_img_16.jpg,data\raw\images\VIE_A_024\VIE_A_024_img_32.jpg,.jpg,converted,False,1200,1600,Success
VIE_A_024,data\raw\images\VIE_A_024\VIE_A_024_img_17.HEIC,data\raw\images\VIE_A_024\VIE_A_024_img_33.jpg,.heic,converted,True,1200,1600,Success
VIE_A_024,data\raw\images\VIE_A_024\VIE_A_024_img_17.jpg,data\raw\images\VIE_A_024\VIE_A_024_img_34.jpg,.jpg,converted,False,1200,1600,Success
VIE_A_024,data\raw\images\VIE_A_024\VIE_A_024_img_18.HEIC,data\raw\images\VIE_A_024\VIE_A_024_img_35.jpg,.heic,converted,True,1200,1600,Success
VIE_A_024,data\raw\images\VIE_A_024\VIE_A_024_img_18.jpg,data\raw\images\VIE_A_024\VIE_A_024_img_36.jpg,.jpg,converted,False,1200,1600,Success
VIE_A_024,data\raw\images\VIE_A_024\VIE_A_024_img_19.HEIC,data\raw\images\VIE_A_024\VIE_A_024_img_37.jpg,.heic,converted,True,1600,1481,Success
VIE_A_024,data\raw\images\VIE_A_024\VIE_A_024_img_19.jpg,data\raw\images\VIE_A_024\VIE_A_024_img_38.jpg,.jpg,converted,False,1200,1600,Success
VIE_A_024,data\raw\images\VIE_A_024\VIE_A_024_img_20.jpg,data\raw\images\VIE_A_024\VIE_A_024_img_39.jpg,.jpg,converted,False,1200,1600,Success
VIE_A_024,data\raw\images\VIE_A_024\VIE_A_024_img_20.png,data\raw\images\VIE_A_024\VIE_A_024_img_40.jpg,.png,converted,False,1174,805,Success
VIE_A_025,data\raw\images\VIE_A_025\VIE_A_025_img_01.JPG,data\raw\images\VIE_A_025\VIE_A_025_img_01.jpg,.jpg,converted,True,1600,1200,Success
VIE_A_025,data\raw\images\VIE_A_025\VIE_A_025_img_02.JPG,data\raw\images\VIE_A_025\VIE_A_025_img_02.jpg,.jpg,converted,True,1600,1200,Success
VIE_A_025,data\raw\images\VIE_A_025\VIE_A_025_img_03.JPG,data\raw\images\VIE_A_025\VIE_A_025_img_03.jpg,.jpg,converted,True,1600,1200,Success
VIE_A_025,data\raw\images\VIE_A_025\VIE_A_025_img_04.JPG,data\raw\images\VIE_A_025\VIE_A_025_img_04.jpg,.jpg,converted,True,1600,1200,Success
VIE_A_025,data\raw\images\VIE_A_025\VIE_A_025_img_05.JPG,data\raw\images\VIE_A_025\VIE_A_025_img_05.jpg,.jpg,converted,True,1600,1200,Success
VIE_A_025,data\raw\images\VIE_A_025\VIE_A_025_img_06.JPG,data\raw\images\VIE_A_025\VIE_A_025_img_06.jpg,.jpg,converted,True,1600,1200,Success
VIE_A_025,data\raw\images\VIE_A_025\VIE_A_025_img_07.JPG,data\raw\images\VIE_A_025\VIE_A_025_img_07.jpg,.jpg,converted,True,1600,1200,Success
VIE_A_025,data\raw\images\VIE_A_025\VIE_A_025_img_08.HEIC,data\raw\images\VIE_A_025\VIE_A_025_img_08.jpg,.heic,converted,True,1497,1600,Success
VIE_A_025,data\raw\images\VIE_A_025\VIE_A_025_img_08.jpg,data\raw\images\VIE_A_025\VIE_A_025_img_09.jpg,.jpg,converted,False,1497,1600,Success
VIE_A_025,data\raw\images\VIE_A_025\VIE_A_025_img_09.HEIC,data\raw\images\VIE_A_025\VIE_A_025_img_10.jpg,.heic,converted,True,1600,1590,Success
VIE_A_025,data\raw\images\VIE_A_025\VIE_A_025_img_09.jpg,data\raw\images\VIE_A_025\VIE_A_025_img_11.jpg,.jpg,converted,False,1497,1600,Success
VIE_A_025,data\raw\images\VIE_A_025\VIE_A_025_img_10.HEIC,data\raw\images\VIE_A_025\VIE_A_025_img_12.jpg,.heic,converted,True,1487,1600,Success
VIE_A_025,data\raw\images\VIE_A_025\VIE_A_025_img_10.jpg,data\raw\images\VIE_A_025\VIE_A_025_img_13.jpg,.jpg,converted,False,1600,1590,Success
VIE_A_025,data\raw\images\VIE_A_025\VIE_A_025_img_11.HEIC,data\raw\images\VIE_A_025\VIE_A_025_img_14.jpg,.heic,converted,True,1600,1566,Success
VIE_A_025,data\raw\images\VIE_A_025\VIE_A_025_img_11.jpg,data\raw\images\VIE_A_025\VIE_A_025_img_15.jpg,.jpg,converted,False,1497,1600,Success
VIE_A_025,data\raw\images\VIE_A_025\VIE_A_025_img_12.HEIC,data\raw\images\VIE_A_025\VIE_A_025_img_16.jpg,.heic,converted,True,997,1600,Success
VIE_A_025,data\raw\images\VIE_A_025\VIE_A_025_img_12.jpg,data\raw\images\VIE_A_025\VIE_A_025_img_17.jpg,.jpg,converted,False,1487,1600,Success
VIE_A_025,data\raw\images\VIE_A_025\VIE_A_025_img_13.HEIC,data\raw\images\VIE_A_025\VIE_A_025_img_18.jpg,.heic,converted,True,1200,1600,Success
VIE_A_025,data\raw\images\VIE_A_025\VIE_A_025_img_13.jpg,data\raw\images\VIE_A_025\VIE_A_025_img_19.jpg,.jpg,converted,False,1600,1590,Success
VIE_A_025,data\raw\images\VIE_A_025\VIE_A_025_img_14.HEIC,data\raw\images\VIE_A_025\VIE_A_025_img_20.jpg,.heic,converted,True,1600,1377,Success
VIE_A_025,data\raw\images\VIE_A_025\VIE_A_025_img_14.jpg,data\raw\images\VIE_A_025\VIE_A_025_img_21.jpg,.jpg,converted,False,1600,1566,Success
VIE_A_025,data\raw\images\VIE_A_025\VIE_A_025_img_15.HEIC,data\raw\images\VIE_A_025\VIE_A_025_img_22.jpg,.heic,converted,True,1200,1600,Success
VIE_A_025,data\raw\images\VIE_A_025\VIE_A_025_img_15.jpg,data\raw\images\VIE_A_025\VIE_A_025_img_23.jpg,.jpg,converted,False,1497,1600,Success
VIE_A_025,data\raw\images\VIE_A_025\VIE_A_025_img_16.HEIC,data\raw\images\VIE_A_025\VIE_A_025_img_24.jpg,.heic,converted,True,1200,1600,Success
VIE_A_025,data\raw\images\VIE_A_025\VIE_A_025_img_16.jpg,data\raw\images\VIE_A_025\VIE_A_025_img_25.jpg,.jpg,converted,False,997,1600,Success
VIE_A_025,data\raw\images\VIE_A_025\VIE_A_025_img_17.HEIC,data\raw\images\VIE_A_025\VIE_A_025_img_26.jpg,.heic,converted,True,1200,1600,Success
VIE_A_025,data\raw\images\VIE_A_025\VIE_A_025_img_17.jpg,data\raw\images\VIE_A_025\VIE_A_025_img_27.jpg,.jpg,converted,False,1487,1600,Success
VIE_A_025,data\raw\images\VIE_A_025\VIE_A_025_img_18.HEIC,data\raw\images\VIE_A_025\VIE_A_025_img_28.jpg,.heic,converted,True,1200,1600,Success
VIE_A_025,data\raw\images\VIE_A_025\VIE_A_025_img_18.jpg,data\raw\images\VIE_A_025\VIE_A_025_img_29.jpg,.jpg,converted,False,1200,1600,Success
VIE_A_025,data\raw\images\VIE_A_025\VIE_A_025_img_19.HEIC,data\raw\images\VIE_A_025\VIE_A_025_img_30.jpg,.heic,converted,True,1200,1600,Success
VIE_A_025,data\raw\images\VIE_A_025\VIE_A_025_img_19.jpg,data\raw\images\VIE_A_025\VIE_A_025_img_31.jpg,.jpg,converted,False,1600,1590,Success
VIE_A_025,data\raw\images\VIE_A_025\VIE_A_025_img_20.HEIC,data\raw\images\VIE_A_025\VIE_A_025_img_32.jpg,.heic,converted,True,1200,1600,Success
VIE_A_025,data\raw\images\VIE_A_025\VIE_A_025_img_20.jpg,data\raw\images\VIE_A_025\VIE_A_025_img_33.jpg,.jpg,converted,False,1600,1377,Success
VIE_A_026,data\raw\images\VIE_A_026\VIE_A_026_img_01.HEIC,data\raw\images\VIE_A_026\VIE_A_026_img_01.jpg,.heic,converted,True,1600,1200,Success
VIE_A_026,data\raw\images\VIE_A_026\VIE_A_026_img_01.jpg,data\raw\images\VIE_A_026\VIE_A_026_img_02.jpg,.jpg,converted,False,1600,1200,Success
VIE_A_026,data\raw\images\VIE_A_026\VIE_A_026_img_02.HEIC,data\raw\images\VIE_A_026\VIE_A_026_img_03.jpg,.heic,converted,True,1600,1200,Success
VIE_A_026,data\raw\images\VIE_A_026\VIE_A_026_img_02.jpg,data\raw\images\VIE_A_026\VIE_A_026_img_04.jpg,.jpg,converted,False,1600,1200,Success
VIE_A_026,data\raw\images\VIE_A_026\VIE_A_026_img_03.HEIC,data\raw\images\VIE_A_026\VIE_A_026_img_05.jpg,.heic,converted,True,1600,1200,Success
VIE_A_026,data\raw\images\VIE_A_026\VIE_A_026_img_03.jpg,data\raw\images\VIE_A_026\VIE_A_026_img_06.jpg,.jpg,converted,False,1600,1200,Success
VIE_A_026,data\raw\images\VIE_A_026\VIE_A_026_img_04.HEIC,data\raw\images\VIE_A_026\VIE_A_026_img_07.jpg,.heic,converted,True,1200,1600,Success
VIE_A_026,data\raw\images\VIE_A_026\VIE_A_026_img_04.jpg,data\raw\images\VIE_A_026\VIE_A_026_img_08.jpg,.jpg,converted,False,1600,1200,Success
VIE_A_026,data\raw\images\VIE_A_026\VIE_A_026_img_05.HEIC,data\raw\images\VIE_A_026\VIE_A_026_img_09.jpg,.heic,converted,True,1200,1600,Success
VIE_A_026,data\raw\images\VIE_A_026\VIE_A_026_img_05.jpg,data\raw\images\VIE_A_026\VIE_A_026_img_10.jpg,.jpg,converted,False,1600,1200,Success
VIE_A_026,data\raw\images\VIE_A_026\VIE_A_026_img_06.HEIC,data\raw\images\VIE_A_026\VIE_A_026_img_11.jpg,.heic,converted,True,1200,1600,Success
VIE_A_026,data\raw\images\VIE_A_026\VIE_A_026_img_06.jpg,data\raw\images\VIE_A_026\VIE_A_026_img_12.jpg,.jpg,converted,False,1600,1200,Success
VIE_A_026,data\raw\images\VIE_A_026\VIE_A_026_img_07.HEIC,data\raw\images\VIE_A_026\VIE_A_026_img_13.jpg,.heic,converted,True,1200,1600,Success
VIE_A_026,data\raw\images\VIE_A_026\VIE_A_026_img_07.jpg,data\raw\images\VIE_A_026\VIE_A_026_img_14.jpg,.jpg,converted,False,1200,1600,Success
VIE_A_026,data\raw\images\VIE_A_026\VIE_A_026_img_08.jpg,data\raw\images\VIE_A_026\VIE_A_026_img_15.jpg,.jpg,converted,False,1600,1200,Success
VIE_A_026,data\raw\images\VIE_A_026\VIE_A_026_img_08.png,data\raw\images\VIE_A_026\VIE_A_026_img_16.jpg,.png,converted,False,676,579,Success
VIE_A_027,data\raw\images\VIE_A_027\VIE_A_027_img_01.HEIC,data\raw\images\VIE_A_027\VIE_A_027_img_01.jpg,.heic,converted,True,1600,1200,Success
VIE_A_027,data\raw\images\VIE_A_027\VIE_A_027_img_01.jpg,data\raw\images\VIE_A_027\VIE_A_027_img_02.jpg,.jpg,converted,False,1600,1200,Success
VIE_A_027,data\raw\images\VIE_A_027\VIE_A_027_img_02.HEIC,data\raw\images\VIE_A_027\VIE_A_027_img_03.jpg,.heic,converted,True,1200,1600,Success
VIE_A_027,data\raw\images\VIE_A_027\VIE_A_027_img_02.jpg,data\raw\images\VIE_A_027\VIE_A_027_img_04.jpg,.jpg,converted,False,1600,1200,Success
VIE_A_027,data\raw\images\VIE_A_027\VIE_A_027_img_03.HEIC,data\raw\images\VIE_A_027\VIE_A_027_img_05.jpg,.heic,converted,True,1200,1600,Success
VIE_A_027,data\raw\images\VIE_A_027\VIE_A_027_img_03.jpg,data\raw\images\VIE_A_027\VIE_A_027_img_06.jpg,.jpg,converted,False,1200,1600,Success
VIE_A_027,data\raw\images\VIE_A_027\VIE_A_027_img_04.HEIC,data\raw\images\VIE_A_027\VIE_A_027_img_07.jpg,.heic,converted,True,1200,1600,Success
VIE_A_027,data\raw\images\VIE_A_027\VIE_A_027_img_04.jpg,data\raw\images\VIE_A_027\VIE_A_027_img_08.jpg,.jpg,converted,False,1600,1200,Success
VIE_A_027,data\raw\images\VIE_A_027\VIE_A_027_img_05.HEIC,data\raw\images\VIE_A_027\VIE_A_027_img_09.jpg,.heic,converted,True,1200,1600,Success
VIE_A_027,data\raw\images\VIE_A_027\VIE_A_027_img_05.jpg,data\raw\images\VIE_A_027\VIE_A_027_img_10.jpg,.jpg,converted,False,1200,1600,Success
VIE_A_027,data\raw\images\VIE_A_027\VIE_A_027_img_06.HEIC,data\raw\images\VIE_A_027\VIE_A_027_img_11.jpg,.heic,converted,True,1200,1600,Success
VIE_A_027,data\raw\images\VIE_A_027\VIE_A_027_img_06.jpg,data\raw\images\VIE_A_027\VIE_A_027_img_12.jpg,.jpg,converted,False,1200,1600,Success
VIE_A_027,data\raw\images\VIE_A_027\VIE_A_027_img_07.HEIC,data\raw\images\VIE_A_027\VIE_A_027_img_13.jpg,.heic,converted,True,1200,1600,Success
VIE_A_027,data\raw\images\VIE_A_027\VIE_A_027_img_07.jpg,data\raw\images\VIE_A_027\VIE_A_027_img_14.jpg,.jpg,converted,False,1200,1600,Success
VIE_A_027,data\raw\images\VIE_A_027\VIE_A_027_img_08.HEIC,data\raw\images\VIE_A_027\VIE_A_027_img_15.jpg,.heic,converted,True,1200,1600,Success
VIE_A_027,data\raw\images\VIE_A_027\VIE_A_027_img_08.jpg,data\raw\images\VIE_A_027\VIE_A_027_img_16.jpg,.jpg,converted,False,1600,1200,Success
VIE_A_027,data\raw\images\VIE_A_027\VIE_A_027_img_09.HEIC,data\raw\images\VIE_A_027\VIE_A_027_img_17.jpg,.heic,converted,True,1200,1600,Success
VIE_A_027,data\raw\images\VIE_A_027\VIE_A_027_img_09.jpg,data\raw\images\VIE_A_027\VIE_A_027_img_18.jpg,.jpg,converted,False,1200,1600,Success
VIE_A_027,data\raw\images\VIE_A_027\VIE_A_027_img_10.HEIC,data\raw\images\VIE_A_027\VIE_A_027_img_19.jpg,.heic,converted,True,1200,1600,Success
VIE_A_027,data\raw\images\VIE_A_027\VIE_A_027_img_10.jpg,data\raw\images\VIE_A_027\VIE_A_027_img_20.jpg,.jpg,converted,False,1200,1600,Success
VIE_A_027,data\raw\images\VIE_A_027\VIE_A_027_img_11.HEIC,data\raw\images\VIE_A_027\VIE_A_027_img_21.jpg,.heic,converted,True,1200,1600,Success
VIE_A_027,data\raw\images\VIE_A_027\VIE_A_027_img_11.jpg,data\raw\images\VIE_A_027\VIE_A_027_img_22.jpg,.jpg,converted,False,1200,1600,Success
VIE_A_027,data\raw\images\VIE_A_027\VIE_A_027_img_12.HEIC,data\raw\images\VIE_A_027\VIE_A_027_img_23.jpg,.heic,converted,True,1200,1600,Success
VIE_A_027,data\raw\images\VIE_A_027\VIE_A_027_img_12.jpg,data\raw\images\VIE_A_027\VIE_A_027_img_24.jpg,.jpg,converted,False,1200,1600,Success
VIE_A_027,data\raw\images\VIE_A_027\VIE_A_027_img_13.HEIC,data\raw\images\VIE_A_027\VIE_A_027_img_25.jpg,.heic,converted,True,1200,1600,Success
VIE_A_027,data\raw\images\VIE_A_027\VIE_A_027_img_13.jpg,data\raw\images\VIE_A_027\VIE_A_027_img_26.jpg,.jpg,converted,False,1200,1600,Success
VIE_A_027,data\raw\images\VIE_A_027\VIE_A_027_img_14.HEIC,data\raw\images\VIE_A_027\VIE_A_027_img_27.jpg,.heic,converted,True,1200,1600,Success
VIE_A_027,data\raw\images\VIE_A_027\VIE_A_027_img_14.jpg,data\raw\images\VIE_A_027\VIE_A_027_img_28.jpg,.jpg,converted,False,1200,1600,Success
VIE_A_027,data\raw\images\VIE_A_027\VIE_A_027_img_15.HEIC,data\raw\images\VIE_A_027\VIE_A_027_img_29.jpg,.heic,converted,True,1200,1600,Success
VIE_A_027,data\raw\images\VIE_A_027\VIE_A_027_img_15.jpg,data\raw\images\VIE_A_027\VIE_A_027_img_30.jpg,.jpg,converted,False,1200,1600,Success
VIE_A_027,data\raw\images\VIE_A_027\VIE_A_027_img_16.HEIC,data\raw\images\VIE_A_027\VIE_A_027_img_31.jpg,.heic,converted,True,1200,1600,Success
VIE_A_027,data\raw\images\VIE_A_027\VIE_A_027_img_16.jpg,data\raw\images\VIE_A_027\VIE_A_027_img_32.jpg,.jpg,converted,False,1600,1200,Success
VIE_A_027,data\raw\images\VIE_A_027\VIE_A_027_img_17.HEIC,data\raw\images\VIE_A_027\VIE_A_027_img_33.jpg,.heic,converted,True,1200,1600,Success
VIE_A_027,data\raw\images\VIE_A_027\VIE_A_027_img_17.jpg,data\raw\images\VIE_A_027\VIE_A_027_img_34.jpg,.jpg,converted,False,1200,1600,Success
VIE_A_027,data\raw\images\VIE_A_027\VIE_A_027_img_18.HEIC,data\raw\images\VIE_A_027\VIE_A_027_img_35.jpg,.heic,converted,True,1200,1600,Success
VIE_A_027,data\raw\images\VIE_A_027\VIE_A_027_img_18.jpg,data\raw\images\VIE_A_027\VIE_A_027_img_36.jpg,.jpg,converted,False,1200,1600,Success
VIE_A_027,data\raw\images\VIE_A_027\VIE_A_027_img_19.HEIC,data\raw\images\VIE_A_027\VIE_A_027_img_37.jpg,.heic,converted,True,1200,1600,Success
VIE_A_027,data\raw\images\VIE_A_027\VIE_A_027_img_19.jpg,data\raw\images\VIE_A_027\VIE_A_027_img_38.jpg,.jpg,converted,False,1200,1600,Success
VIE_A_028,data\raw\images\VIE_A_028\VIE_A_028_img_01.jpg,data\raw\images\VIE_A_028\VIE_A_028_img_01.jpg,.jpg,converted,False,1383,1600,Success
VIE_A_028,data\raw\images\VIE_A_028\VIE_A_028_img_02.jpg,data\raw\images\VIE_A_028\VIE_A_028_img_02.jpg,.jpg,converted,False,1390,1600,Success
VIE_A_028,data\raw\images\VIE_A_028\VIE_A_028_img_03.jpg,data\raw\images\VIE_A_028\VIE_A_028_img_03.jpg,.jpg,converted,False,1384,1600,Success
VIE_A_028,data\raw\images\VIE_A_028\VIE_A_028_img_04.jpg,data\raw\images\VIE_A_028\VIE_A_028_img_04.jpg,.jpg,converted,False,1383,1600,Success
VIE_A_028,data\raw\images\VIE_A_028\VIE_A_028_img_05.jpg,data\raw\images\VIE_A_028\VIE_A_028_img_05.jpg,.jpg,converted,False,1355,1600,Success
VIE_A_028,data\raw\images\VIE_A_028\VIE_A_028_img_06.jpg,data\raw\images\VIE_A_028\VIE_A_028_img_06.jpg,.jpg,converted,False,1384,1600,Success
VIE_A_028,data\raw\images\VIE_A_028\VIE_A_028_img_07.jpg,data\raw\images\VIE_A_028\VIE_A_028_img_07.jpg,.jpg,converted,False,1378,1600,Success
VIE_A_028,data\raw\images\VIE_A_028\VIE_A_028_img_08.jpg,data\raw\images\VIE_A_028\VIE_A_028_img_08.jpg,.jpg,converted,False,1390,1600,Success
VIE_A_028,data\raw\images\VIE_A_028\VIE_A_028_img_09.HEIC,data\raw\images\VIE_A_028\VIE_A_028_img_09.jpg,.heic,converted,True,1200,1600,Success
VIE_A_028,data\raw\images\VIE_A_028\VIE_A_028_img_09.jpg,data\raw\images\VIE_A_028\VIE_A_028_img_10.jpg,.jpg,converted,False,1200,1600,Success
VIE_A_028,data\raw\images\VIE_A_028\VIE_A_028_img_10.HEIC,data\raw\images\VIE_A_028\VIE_A_028_img_11.jpg,.heic,converted,True,1200,1600,Success
VIE_A_028,data\raw\images\VIE_A_028\VIE_A_028_img_10.jpg,data\raw\images\VIE_A_028\VIE_A_028_img_12.jpg,.jpg,converted,False,1200,1600,Success
VIE_A_028,data\raw\images\VIE_A_028\VIE_A_028_img_11.HEIC,data\raw\images\VIE_A_028\VIE_A_028_img_13.jpg,.heic,converted,True,1200,1600,Success
VIE_A_028,data\raw\images\VIE_A_028\VIE_A_028_img_11.jpg,data\raw\images\VIE_A_028\VIE_A_028_img_14.jpg,.jpg,converted,False,1200,1600,Success
VIE_A_028,data\raw\images\VIE_A_028\VIE_A_028_img_12.HEIC,data\raw\images\VIE_A_028\VIE_A_028_img_15.jpg,.heic,converted,True,1200,1600,Success
VIE_A_028,data\raw\images\VIE_A_028\VIE_A_028_img_12.jpg,data\raw\images\VIE_A_028\VIE_A_028_img_16.jpg,.jpg,converted,False,1200,1600,Success
VIE_A_028,data\raw\images\VIE_A_028\VIE_A_028_img_13.HEIC,data\raw\images\VIE_A_028\VIE_A_028_img_17.jpg,.heic,converted,True,1200,1600,Success
VIE_A_028,data\raw\images\VIE_A_028\VIE_A_028_img_13.jpg,data\raw\images\VIE_A_028\VIE_A_028_img_18.jpg,.jpg,converted,False,1200,1600,Success
VIE_A_028,data\raw\images\VIE_A_028\VIE_A_028_img_14.jpg,data\raw\images\VIE_A_028\VIE_A_028_img_19.jpg,.jpg,converted,False,1200,1600,Success
VIE_A_028,data\raw\images\VIE_A_028\VIE_A_028_img_14.png,data\raw\images\VIE_A_028\VIE_A_028_img_20.jpg,.png,converted,False,1023,753,Success
VIE_A_029,data\raw\images\VIE_A_029\VIE_A_029_img_01.jpg,data\raw\images\VIE_A_029\VIE_A_029_img_01.jpg,.jpg,converted,False,720,960,Success
VIE_A_029,data\raw\images\VIE_A_029\VIE_A_029_img_02.jpg,data\raw\images\VIE_A_029\VIE_A_029_img_02.jpg,.jpg,converted,False,724,960,Success
VIE_A_029,data\raw\images\VIE_A_029\VIE_A_029_img_03.jpg,data\raw\images\VIE_A_029\VIE_A_029_img_03.jpg,.jpg,converted,False,720,960,Success
VIE_A_029,data\raw\images\VIE_A_029\VIE_A_029_img_04.jpg,data\raw\images\VIE_A_029\VIE_A_029_img_04.jpg,.jpg,converted,False,720,960,Success
VIE_A_029,data\raw\images\VIE_A_029\VIE_A_029_img_05.jpg,data\raw\images\VIE_A_029\VIE_A_029_img_05.jpg,.jpg,converted,False,720,960,Success
VIE_A_029,data\raw\images\VIE_A_029\VIE_A_029_img_06.jpg,data\raw\images\VIE_A_029\VIE_A_029_img_06.jpg,.jpg,converted,False,715,960,Success
VIE_A_030,data\raw\images\VIE_A_030\VIE_A_030_img_01.jpg,data\raw\images\VIE_A_030\VIE_A_030_img_01.jpg,.jpg,converted,False,707,960,Success
VIE_A_030,data\raw\images\VIE_A_030\VIE_A_030_img_02.jpg,data\raw\images\VIE_A_030\VIE_A_030_img_02.jpg,.jpg,converted,False,707,960,Success
VIE_A_030,data\raw\images\VIE_A_030\VIE_A_030_img_03.jpg,data\raw\images\VIE_A_030\VIE_A_030_img_03.jpg,.jpg,converted,False,707,960,Success
VIE_A_030,data\raw\images\VIE_A_030\VIE_A_030_img_04.jpg,data\raw\images\VIE_A_030\VIE_A_030_img_04.jpg,.jpg,converted,False,707,960,Success
VIE_A_030,data\raw\images\VIE_A_030\VIE_A_030_img_05.jpg,data\raw\images\VIE_A_030\VIE_A_030_img_05.jpg,.jpg,converted,False,707,960,Success
VIE_A_030,data\raw\images\VIE_A_030\VIE_A_030_img_06.jpg,data\raw\images\VIE_A_030\VIE_A_030_img_06.jpg,.jpg,converted,False,707,960,Success
VIE_A_030,data\raw\images\VIE_A_030\VIE_A_030_img_07.jpg,data\raw\images\VIE_A_030\VIE_A_030_img_07.jpg,.jpg,converted,False,707,960,Success
VIE_A_030,data\raw\images\VIE_A_030\VIE_A_030_img_08.jpg,data\raw\images\VIE_A_030\VIE_A_030_img_08.jpg,.jpg,converted,False,707,960,Success
VIE_A_030,data\raw\images\VIE_A_030\VIE_A_030_img_09.jpg,data\raw\images\VIE_A_030\VIE_A_030_img_09.jpg,.jpg,converted,False,707,960,Success
VIE_A_030,data\raw\images\VIE_A_030\VIE_A_030_img_10.jpg,data\raw\images\VIE_A_030\VIE_A_030_img_10.jpg,.jpg,converted,False,707,960,Success
VIE_A_031,data\raw\images\VIE_A_031\VIE_A_031_img_01.jpg,data\raw\images\VIE_A_031\VIE_A_031_img_01.jpg,.jpg,converted,False,960,546,Success
VIE_A_031,data\raw\images\VIE_A_031\VIE_A_031_img_02.jpg,data\raw\images\VIE_A_031\VIE_A_031_img_02.jpg,.jpg,converted,False,960,566,Success
VIE_A_031,data\raw\images\VIE_A_031\VIE_A_031_img_03.jpg,data\raw\images\VIE_A_031\VIE_A_031_img_03.jpg,.jpg,converted,False,960,546,Success
VIE_A_031,data\raw\images\VIE_A_031\VIE_A_031_img_04.jpg,data\raw\images\VIE_A_031\VIE_A_031_img_04.jpg,.jpg,converted,False,597,960,Success
VIE_A_031,data\raw\images\VIE_A_031\VIE_A_031_img_05.jpg,data\raw\images\VIE_A_031\VIE_A_031_img_05.jpg,.jpg,converted,False,691,960,Success
VIE_A_031,data\raw\images\VIE_A_031\VIE_A_031_img_06.jpg,data\raw\images\VIE_A_031\VIE_A_031_img_06.jpg,.jpg,converted,False,960,722,Success
VIE_A_031,data\raw\images\VIE_A_031\VIE_A_031_img_07.jpg,data\raw\images\VIE_A_031\VIE_A_031_img_07.jpg,.jpg,converted,False,960,770,Success
VIE_A_031,data\raw\images\VIE_A_031\VIE_A_031_img_08.jpg,data\raw\images\VIE_A_031\VIE_A_031_img_08.jpg,.jpg,converted,False,524,960,Success
VIE_A_031,data\raw\images\VIE_A_031\VIE_A_031_img_09.jpg,data\raw\images\VIE_A_031\VIE_A_031_img_09.jpg,.jpg,converted,False,685,960,Success
VIE_A_031,data\raw\images\VIE_A_031\VIE_A_031_img_10.jpg,data\raw\images\VIE_A_031\VIE_A_031_img_10.jpg,.jpg,converted,False,960,533,Success
VIE_A_032,data\raw\images\VIE_A_032\VIE_A_032_img_01.jpg,data\raw\images\VIE_A_032\VIE_A_032_img_01.jpg,.jpg,converted,False,960,720,Success
VIE_A_032,data\raw\images\VIE_A_032\VIE_A_032_img_02.jpg,data\raw\images\VIE_A_032\VIE_A_032_img_02.jpg,.jpg,converted,False,960,720,Success
VIE_A_032,data\raw\images\VIE_A_032\VIE_A_032_img_03.jpg,data\raw\images\VIE_A_032\VIE_A_032_img_03.jpg,.jpg,converted,False,720,960,Success
VIE_A_032,data\raw\images\VIE_A_032\VIE_A_032_img_04.jpg,data\raw\images\VIE_A_032\VIE_A_032_img_04.jpg,.jpg,converted,False,960,720,Success
VIE_A_032,data\raw\images\VIE_A_032\VIE_A_032_img_05.jpg,data\raw\images\VIE_A_032\VIE_A_032_img_05.jpg,.jpg,converted,False,720,960,Success
VIE_A_032,data\raw\images\VIE_A_032\VIE_A_032_img_06.jpg,data\raw\images\VIE_A_032\VIE_A_032_img_06.jpg,.jpg,converted,False,823,960,Success
VIE_A_032,data\raw\images\VIE_A_032\VIE_A_032_img_07.jpg,data\raw\images\VIE_A_032\VIE_A_032_img_07.jpg,.jpg,converted,False,756,960,Success
VIE_A_033,data\raw\images\VIE_A_033\VIE_A_033_img_01.jpg,data\raw\images\VIE_A_033\VIE_A_033_img_01.jpg,.jpg,converted,False,960,720,Success
VIE_A_033,data\raw\images\VIE_A_033\VIE_A_033_img_02.jpg,data\raw\images\VIE_A_033\VIE_A_033_img_02.jpg,.jpg,converted,False,960,720,Success
VIE_A_033,data\raw\images\VIE_A_033\VIE_A_033_img_03.jpg,data\raw\images\VIE_A_033\VIE_A_033_img_03.jpg,.jpg,converted,False,720,960,Success
VIE_A_033,data\raw\images\VIE_A_033\VIE_A_033_img_04.jpg,data\raw\images\VIE_A_033\VIE_A_033_img_04.jpg,.jpg,converted,False,960,720,Success
VIE_A_033,data\raw\images\VIE_A_033\VIE_A_033_img_05.jpg,data\raw\images\VIE_A_033\VIE_A_033_img_05.jpg,.jpg,converted,False,960,720,Success
VIE_A_033,data\raw\images\VIE_A_033\VIE_A_033_img_06.jpg,data\raw\images\VIE_A_033\VIE_A_033_img_06.jpg,.jpg,converted,False,960,720,Success
VIE_A_033,data\raw\images\VIE_A_033\VIE_A_033_img_07.jpg,data\raw\images\VIE_A_033\VIE_A_033_img_07.jpg,.jpg,converted,False,960,720,Success
VIE_A_033,data\raw\images\VIE_A_033\VIE_A_033_img_08.jpg,data\raw\images\VIE_A_033\VIE_A_033_img_08.jpg,.jpg,converted,False,960,720,Success
VIE_A_033,data\raw\images\VIE_A_033\VIE_A_033_img_09.jpg,data\raw\images\VIE_A_033\VIE_A_033_img_09.jpg,.jpg,converted,False,960,720,Success
VIE_A_034,data\raw\images\VIE_A_034\VIE_A_034_img_01.jpg,data\raw\images\VIE_A_034\VIE_A_034_img_01.jpg,.jpg,converted,False,960,638,Success
VIE_A_034,data\raw\images\VIE_A_034\VIE_A_034_img_02.jpg,data\raw\images\VIE_A_034\VIE_A_034_img_02.jpg,.jpg,converted,False,960,638,Success
VIE_A_034,data\raw\images\VIE_A_034\VIE_A_034_img_03.jpg,data\raw\images\VIE_A_034\VIE_A_034_img_03.jpg,.jpg,converted,False,960,638,Success
VIE_A_034,data\raw\images\VIE_A_034\VIE_A_034_img_04.jpg,data\raw\images\VIE_A_034\VIE_A_034_img_04.jpg,.jpg,converted,False,960,638,Success
VIE_A_034,data\raw\images\VIE_A_034\VIE_A_034_img_05.jpg,data\raw\images\VIE_A_034\VIE_A_034_img_05.jpg,.jpg,converted,False,960,638,Success
VIE_A_034,data\raw\images\VIE_A_034\VIE_A_034_img_06.jpg,data\raw\images\VIE_A_034\VIE_A_034_img_06.jpg,.jpg,converted,False,960,638,Success
VIE_A_034,data\raw\images\VIE_A_034\VIE_A_034_img_07.jpg,data\raw\images\VIE_A_034\VIE_A_034_img_07.jpg,.jpg,converted,False,960,638,Success
VIE_A_034,data\raw\images\VIE_A_034\VIE_A_034_img_08.jpg,data\raw\images\VIE_A_034\VIE_A_034_img_08.jpg,.jpg,converted,False,960,638,Success
VIE_A_034,data\raw\images\VIE_A_034\VIE_A_034_img_09.jpg,data\raw\images\VIE_A_034\VIE_A_034_img_09.jpg,.jpg,converted,False,960,638,Success
VIE_A_035,data\raw\images\VIE_A_035\VIE_A_035_img_01.jpg,data\raw\images\VIE_A_035\VIE_A_035_img_01.jpg,.jpg,converted,False,641,960,Success
VIE_A_035,data\raw\images\VIE_A_035\VIE_A_035_img_02.jpg,data\raw\images\VIE_A_035\VIE_A_035_img_02.jpg,.jpg,converted,False,720,960,Success
VIE_A_035,data\raw\images\VIE_A_035\VIE_A_035_img_03.jpg,data\raw\images\VIE_A_035\VIE_A_035_img_03.jpg,.jpg,converted,False,720,960,Success
VIE_A_035,data\raw\images\VIE_A_035\VIE_A_035_img_04.jpg,data\raw\images\VIE_A_035\VIE_A_035_img_04.jpg,.jpg,converted,False,720,960,Success
VIE_A_035,data\raw\images\VIE_A_035\VIE_A_035_img_05.jpg,data\raw\images\VIE_A_035\VIE_A_035_img_05.jpg,.jpg,converted,False,720,960,Success
VIE_A_035,data\raw\images\VIE_A_035\VIE_A_035_img_06.jpg,data\raw\images\VIE_A_035\VIE_A_035_img_06.jpg,.jpg,converted,False,720,960,Success
VIE_A_035,data\raw\images\VIE_A_035\VIE_A_035_img_07.jpg,data\raw\images\VIE_A_035\VIE_A_035_img_07.jpg,.jpg,converted,False,540,960,Success
VIE_A_035,data\raw\images\VIE_A_035\VIE_A_035_img_08.jpg,data\raw\images\VIE_A_035\VIE_A_035_img_08.jpg,.jpg,converted,False,720,960,Success
VIE_A_036,data\raw\images\VIE_A_036\VIE_A_036_img_01.jpg,data\raw\images\VIE_A_036\VIE_A_036_img_01.jpg,.jpg,converted,False,631,877,Success
VIE_A_036,data\raw\images\VIE_A_036\VIE_A_036_img_02.jpg,data\raw\images\VIE_A_036\VIE_A_036_img_02.jpg,.jpg,converted,False,444,635,Success
VIE_A_036,data\raw\images\VIE_A_036\VIE_A_036_img_03.jpg,data\raw\images\VIE_A_036\VIE_A_036_img_03.jpg,.jpg,converted,False,444,768,Success
VIE_A_036,data\raw\images\VIE_A_036\VIE_A_036_img_04.jpg,data\raw\images\VIE_A_036\VIE_A_036_img_04.jpg,.jpg,converted,False,444,771,Success
VIE_A_036,data\raw\images\VIE_A_036\VIE_A_036_img_05.jpg,data\raw\images\VIE_A_036\VIE_A_036_img_05.jpg,.jpg,converted,False,444,777,Success
VIE_A_036,data\raw\images\VIE_A_036\VIE_A_036_img_06.jpg,data\raw\images\VIE_A_036\VIE_A_036_img_06.jpg,.jpg,converted,False,444,773,Success
VIE_A_036,data\raw\images\VIE_A_036\VIE_A_036_img_07.jpg,data\raw\images\VIE_A_036\VIE_A_036_img_07.jpg,.jpg,converted,False,444,764,Success
VIE_A_037,data\raw\images\VIE_A_037\VIE_A_037_img_01.jpg,data\raw\images\VIE_A_037\VIE_A_037_img_01.jpg,.jpg,converted,False,720,960,Success
VIE_A_037,data\raw\images\VIE_A_037\VIE_A_037_img_02.jpg,data\raw\images\VIE_A_037\VIE_A_037_img_02.jpg,.jpg,converted,False,720,960,Success
VIE_A_037,data\raw\images\VIE_A_037\VIE_A_037_img_03.jpg,data\raw\images\VIE_A_037\VIE_A_037_img_03.jpg,.jpg,converted,False,720,960,Success
VIE_A_037,data\raw\images\VIE_A_037\VIE_A_037_img_04.jpg,data\raw\images\VIE_A_037\VIE_A_037_img_04.jpg,.jpg,converted,False,720,960,Success
VIE_A_037,data\raw\images\VIE_A_037\VIE_A_037_img_05.jpg,data\raw\images\VIE_A_037\VIE_A_037_img_05.jpg,.jpg,converted,False,720,960,Success
VIE_A_037,data\raw\images\VIE_A_037\VIE_A_037_img_06.jpg,data\raw\images\VIE_A_037\VIE_A_037_img_06.jpg,.jpg,converted,False,720,960,Success
VIE_A_037,data\raw\images\VIE_A_037\VIE_A_037_img_07.jpg,data\raw\images\VIE_A_037\VIE_A_037_img_07.jpg,.jpg,converted,False,720,960,Success
VIE_A_037,data\raw\images\VIE_A_037\VIE_A_037_img_08.jpg,data\raw\images\VIE_A_037\VIE_A_037_img_08.jpg,.jpg,converted,False,720,960,Success
